Pesticide Name,LOD,EPA Tolerance (ppm),Smiles,ExactMolWt,HeavyAtomMolWt,NumRadicalElectrons,NumValenceElectrons,HeavyAtomCount,NHOHCount,NOCount,NumAliphaticCarbocycles,NumAliphaticHeterocycles,NumAliphaticRings,NumAromaticCarbocycles,NumAromaticHeterocycles,NumAromaticRings,NumHAcceptors,NumHDonors,NumHeteroatoms,NumRotatableBonds,NumSaturatedCarbocycles,NumSaturatedHeterocycles,NumSaturatedRings,RingCount,Halogens,MolecularFormula,MolecularWeight,CanonicalSMILES,XLogP,ExactMass,TPSA,Complexity,Charge,HBondDonorCount,HBondAcceptorCount,RotatableBondCount,HeavyAtomCount,IsotopeAtomCount,AtomStereoCount,DefinedAtomStereoCount,UndefinedAtomStereoCount,BondStereoCount,DefinedBondStereoCount,UndefinedBondStereoCount,CovalentUnitCount,Volume3D,XStericQuadrupole3D,YStericQuadrupole3D,ZStericQuadrupole3D,FeatureCount3D,FeatureAcceptorCount3D,FeatureDonorCount3D,FeatureAnionCount3D,FeatureCationCount3D,FeatureRingCount3D,FeatureHydrophobeCount3D,ConformerModelRMSD3D,EffectiveRotorCount3D,ConformerCount3D,Class
Procymidone,0.013999999999999999,NT,CC12CC1(C)C(=O)N(C2=O)c3cc(Cl)cc(Cl)c3,283.01668395200005,273.05400000000003,0,94,18,0,3,1,1,2,1,0,1,2,0,5,1,1,1,2,3,2,C13H11Cl2NO2,284.13,CC12CC1(C(=O)N(C2=O)C3=CC(=CC(=C3)Cl)Cl)C,3.0,283.0166840,37.4,405,0,0,2,1,18,0,2,0,2,0,0,0,1,203.3,7.89,2.66,0.89,4.0,2.0,0.0,0.0,0.0,2.0,0.0,0.6,1.4,3,1
Fenamiphos,0.004,NT,CCO[P](=O)(NC(C)C)Oc1ccc(SC)c(C)c1,303.105801194,281.18800000000005,0,108,19,1,4,0,0,0,1,0,1,4,1,6,7,0,0,0,1,0,C13H22NO3PS,303.36,CCOP(=O)(NC(C)C)OC1=CC(=C(C=C1)SC)C,3.2,303.10580174,72.9,314,0,1,5,7,19,0,1,0,1,0,0,0,1,233.6,10.53,2.91,1.34,4.0,1.0,0.0,0.0,0.0,1.0,2.0,0.8,7.0,10,1
Metribuzin,0.03,NT,CSC1=NN=C(C(=O)N1N)C(C)(C)C,214.088832068,200.182,0,78,14,2,5,0,0,0,0,1,1,6,1,6,1,0,0,0,1,0,C8H14N4OS,214.29,CC(C)(C)C1=NN=C(N(C1=O)N)SC,1.7,214.08883226,96.4,316,0,1,5,2,14,0,0,0,0,0,0,0,1,161.6,5.99,1.88,0.95,6.0,2.0,1.0,0.0,0.0,1.0,2.0,0.6,2.0,3,1
Fenamiphos sulfone,0.008,NT,CCO[P](=O)(NC(C)C)Oc1ccc(c(C)c1)[S](C)(=O)=O,335.09563043399993,313.18600000000004,0,120,21,1,6,0,0,0,1,0,1,5,1,8,7,0,0,0,1,0,C13H22NO5PS,335.36,CCOP(=O)(NC(C)C)OC1=CC(=C(C=C1)S(=O)(=O)C)C,2.0,335.09563097,90.1,473,0,1,6,7,21,0,1,0,1,0,0,0,1,247.3,11.34,2.8,1.5,5.0,3.0,0.0,0.0,0.0,1.0,1.0,0.8,7.0,10,1
Methiocarb,0.043,NT,CNC(=O)Oc1cc(C)c(SC)c(C)c1,225.08234972,210.19299999999998,0,82,15,1,3,0,0,0,1,0,1,3,1,4,2,0,0,0,1,0,C11H15NO2S,225.31,CC1=CC(=CC(=C1SC)C)OC(=O)NC,2.9,225.08234989,63.6,211,0,1,3,3,15,0,0,0,0,0,0,0,1,178.3,7.89,1.9,1.15,4.0,1.0,1.0,0.0,0.0,1.0,1.0,0.6,4.0,10,1
Monocrotophos,0.003,NT,CNC(=O)\C=C(/C)O[P](=O)(OC)OC,223.060959178,209.05299999999997,0,82,14,1,6,0,0,0,0,0,0,5,1,7,5,0,0,0,0,0,C7H14NO5P,223.16,CC(=CC(=O)NC)OP(=O)(OC)OC,-0.2,223.06095954,73.9,267,0,1,5,5,14,0,0,0,0,1,1,0,1,163.2,7.48,1.69,1.24,3.0,2.0,1.0,0.0,0.0,0.0,0.0,0.6,6.0,10,1
Methoxychlor olefin,0.001,NT,COc1ccc(cc1)C(=C(Cl)Cl)c2ccc(OC)cc2,308.037085048,295.08000000000004,0,104,20,0,2,0,0,0,2,0,2,2,0,4,4,0,0,0,2,2,C16H14Cl2O2,309.2,COC1=CC=C(C=C1)C(=C(Cl)Cl)C2=CC=C(C=C2)OC,5.6,308.0370851,18.5,297,0,0,2,4,20,0,0,0,0,0,0,0,1,231.0,9.88,3.08,1.31,4.0,2.0,0.0,0.0,0.0,2.0,0.0,0.6,4.0,6,1
Terbacil,0.006,NT,CC1=C(Cl)C(=O)N(C(=O)N1)C(C)(C)C,216.066555336,203.564,0,78,14,1,4,0,0,0,0,1,1,3,1,5,0,0,0,0,1,1,C9H13ClN2O2,216.66,CC1=C(C(=O)N(C(=O)N1)C(C)(C)C)Cl,1.9,216.0665554,49.4,328,0,1,2,1,14,0,0,0,0,0,0,0,1,157.0,4.75,2.3,0.84,5.0,2.0,1.0,0.0,0.0,1.0,1.0,0.4,1.0,2,1
Fluazifop butyl,0.001,NT,CCCCOC(=O)C(C)Oc1ccc(Oc2ccc(cn2)C(F)(F)F)cc1,383.13444278000003,363.206,0,146,27,0,5,0,0,0,1,1,2,5,0,8,8,0,0,0,2,3,C19H20F3NO4,383.4,CCCCOC(=O)C(C)OC1=CC=C(C=C1)OC2=NC=C(C=C2)C(F)(F)F,4.5,383.13444261,57.6,453,0,0,8,9,27,0,1,0,1,0,0,0,1,286.3,21.7,4.2,1.43,5.0,2.0,0.0,0.0,0.0,2.0,1.0,1.0,10.0,10,1
Pronamide,0.012,NT,CC(C)(NC(=O)c1cc(Cl)cc(Cl)c1)C#C,255.021769332,245.04399999999998,0,84,16,1,2,0,0,0,1,0,1,1,1,4,2,0,0,0,1,2,C12H11Cl2NO,256.12,CC(C)(C#C)NC(=O)C1=CC(=CC(=C1)Cl)Cl,3.2,255.0217694,29.1,308,0,1,1,3,16,0,0,0,0,0,0,0,1,190.3,8.82,2.59,0.91,5.0,1.0,1.0,0.0,0.0,1.0,2.0,0.6,3.0,9,1
Dinotefuran,0.01,NT,CN=C(NCC1CCOC1)N[N+]([O-])=O,202.106590308,188.10199999999998,0,80,14,2,7,0,1,1,0,0,0,4,2,7,3,0,1,1,1,0,C7H14N4O3,202.21,CN=C(NCC1CCOC1)N[N+](=O)[O-],0.0,202.10659032,91.5,226,0,2,4,4,14,0,1,0,1,0,0,0,1,151.7,6.86,2.28,0.88,7.0,3.0,2.0,0.0,1.0,1.0,0.0,0.6,6.0,10,1
Cyphenothrin,0.006,NT,CC(C)=CC1C(C(=O)OC(C#N)c2cccc(Oc3ccccc3)c2)C1(C)C,375.18344366,350.26800000000014,0,144,28,0,4,1,0,1,2,0,2,4,0,4,6,1,0,1,3,0,C24H25NO3,375.5,CC(=CC1C(C1(C)C)C(=O)OC(C#N)C2=CC(=CC=C2)OC3=CC=CC=C3)C,5.8,375.18344366,59.3,634,0,0,4,7,28,0,3,0,3,0,0,0,1,307.1,8.66,6.35,1.25,7.0,3.0,0.0,0.0,0.0,2.0,2.0,1.4,7.6,10,1
Pirimiphos methyl,0.002,NT,CCN(CC)c1nc(C)cc(O[P](=S)(OC)OC)n1,305.09629913,285.18,0,108,19,0,6,0,0,0,0,1,1,7,0,8,7,0,0,0,1,0,C11H20N3O3PS,305.34,CCN(CC)C1=NC(=CC(=N1)OP(=S)(OC)OC)C,4.2,305.09629968,88.8,310,0,0,7,7,19,0,0,0,0,0,0,0,1,228.5,7.44,3.7,1.21,2.0,0.0,0.0,0.0,1.0,1.0,0.0,0.8,7.0,10,1
Imiprothrin,0.03,NT,CC(C)=CC1C(C(=O)OCN2C(=O)CN(CC#C)C2=O)C1(C)C,318.157957184,296.19700000000006,0,124,23,0,6,1,1,2,0,0,0,4,0,6,5,1,1,2,2,0,C17H22N2O4,318.4,CC(=CC1C(C1(C)C)C(=O)OCN2C(=O)CN(C2=O)CC#C)C,2.1,318.15795719,66.9,622,0,0,4,6,23,0,2,0,2,0,0,0,1,255.6,16.47,2.26,1.59,7.0,3.0,0.0,0.0,0.0,1.0,3.0,1.2,7.2,10,1
Pirimicarb,0.02,NT,CN(C)C(=O)Oc1nc(nc(C)c1C)N(C)C,238.142975816,220.14699999999996,0,94,17,0,6,0,0,0,0,1,1,5,0,6,2,0,0,0,1,0,C11H18N4O2,238.29,CC1=C(N=C(N=C1OC(=O)N(C)C)N(C)C)C,1.7,238.14297583,58.6,270,0,0,5,3,17,0,0,0,0,0,0,0,1,186.4,6.99,3.28,0.85,3.0,1.0,0.0,0.0,1.0,1.0,0.0,0.6,4.0,10,1
Fluoxastrobin,0.0012,NT,CO\N=C(C1=NOCCO1)/c2ccccc2Oc3ncnc(Oc4ccccc4Cl)c3F,458.079325512,442.70500000000015,0,164,32,0,9,0,1,1,2,1,3,9,0,11,7,0,0,0,4,2,C21H16ClFN4O5,458.8,CON=C(C1=CC=CC=C1OC2=C(C(=NC=N2)OC3=CC=CC=C3Cl)F)C4=NOCCO4,5.1,458.0793255,96.6,672,0,0,10,7,32,0,0,0,0,1,1,0,1,328.0,14.13,3.96,2.04,7.0,2.0,0.0,0.0,1.0,4.0,0.0,1.0,7.8,10,1
Asulam,0.0012,NT,COC(=O)N[S](=O)(=O)c1ccc(N)cc1,230.0361278,220.16499999999996,0,82,15,3,6,0,0,0,1,0,1,5,2,7,2,0,0,0,1,0,C8H10N2O4S,230.24,COC(=O)NS(=O)(=O)C1=CC=C(C=C1)N,-0.3,230.03612798,107.0,314,0,2,5,3,15,0,0,0,0,0,0,0,1,164.0,6.47,2.24,1.21,7.0,3.0,2.0,0.0,1.0,1.0,0.0,0.6,4.0,10,1
Oxyfluorfen,0.0029,NT,CCOc1cc(Oc2ccc(cc2Cl)C(F)(F)F)ccc1[N+]([O-])=O,361.032870172,350.61500000000007,0,128,24,0,5,0,0,0,2,0,2,4,0,9,5,0,0,0,2,4,C15H11ClF3NO4,361.70,CCOC1=C(C=CC(=C1)OC2=C(C=C(C=C2)C(F)(F)F)Cl)[N+](=O)[O-],4.7,361.0328700,64.3,432,0,0,7,4,24,0,0,0,0,0,0,0,1,249.8,11.19,3.0,1.52,7.0,4.0,0.0,1.0,0.0,2.0,0.0,0.8,6.0,10,1
Phenthoate,0.006,NT,CCOC(=O)C(S[P](=S)(OC)OC)c1ccccc1,320.030587654,303.23600000000005,0,106,19,0,4,0,0,0,1,0,1,6,0,7,7,0,0,0,1,0,C12H17O4PS2,320.4,CCOC(=O)C(C1=CC=CC=C1)SP(=S)(OC)OC,3.7,320.03058836,102.0,324,0,0,6,8,19,0,1,0,1,0,0,0,1,236.5,7.98,3.94,1.42,2.0,1.0,0.0,0.0,0.0,1.0,0.0,0.8,8.0,10,1
Fenthion,0.0024,NT,CO[P](=S)(OC)Oc1ccc(SC)c(C)c1,278.02002297,263.215,0,90,16,0,3,0,0,0,1,0,1,5,0,6,5,0,0,0,1,0,C10H15O3PS2,278.3,CC1=C(C=CC(=C1)OP(=S)(OC)OC)SC,4.1,278.02002368,85.1,254,0,0,5,5,16,0,0,0,0,0,0,0,1,204.3,8.87,2.24,1.17,2.0,0.0,0.0,0.0,0.0,1.0,1.0,0.6,5.0,10,1
Clothianidin,0.002,NT,CN=C(NCc1sc(Cl)nc1)N[N+]([O-])=O,249.008723176,241.619,0,82,15,2,7,0,0,0,0,1,1,5,2,9,3,0,0,0,1,1,C6H8ClN5O2S,249.68,CN=C(NCC1=CN=C(S1)Cl)N[N+](=O)[O-],1.2,249.0087234,123.0,258,0,2,5,4,15,0,0,0,0,0,0,0,1,170.5,7.78,2.25,1.18,7.0,3.0,2.0,0.0,1.0,1.0,0.0,0.6,5.0,10,1
Thiacloprid,0.0004,NT,Clc1ccc(CN2CCSC2=NC#N)cn1,252.02364496799999,243.658,0,82,16,0,4,0,1,1,0,1,1,4,0,6,2,0,1,1,2,1,C10H9ClN4S,252.72,C1CSC(=NC#N)N1CC2=CN=C(C=C2)Cl,2.2,252.0236452,77.6,324,0,0,4,2,16,0,0,0,0,0,0,0,1,185.8,7.77,2.54,1.12,6.0,2.0,0.0,0.0,2.0,2.0,0.0,0.6,2.8,10,1
Hexaconazole,0.02,NT,CCCCC(O)(Cn1cncn1)c2ccc(Cl)cc2Cl,313.074867524,297.0799999999999,0,108,20,1,4,0,0,0,1,1,2,4,1,6,6,0,0,0,2,2,C14H17Cl2N3O,314.2,CCCCC(CN1C=NC=N1)(C2=C(C=C(C=C2)Cl)Cl)O,3.7,313.0748676,50.9,308,0,1,3,6,20,0,1,0,1,0,0,0,1,230.2,4.94,4.28,2.3,7.0,1.0,1.0,0.0,2.0,2.0,1.0,0.8,6.0,10,1
Fluvalinate,0.00045,NT,CC(C)C(Nc1ccc(cc1Cl)C(F)(F)F)C(=O)OC(C#N)c2cccc(Oc3ccccc3)c2,502.12710490399996,480.74400000000037,0,182,35,1,5,0,0,0,3,0,3,5,1,9,8,0,0,0,3,4,C26H22ClF3N2O3,502.9,CC(C)C(C(=O)OC(C#N)C1=CC(=CC=C1)OC2=CC=CC=C2)NC3=C(C=C(C=C3)C(F)(F)F)Cl,7.7,502.1271047,71.4,735,0,1,8,9,35,0,2,0,2,0,0,0,1,374.7,8.9,7.74,2.3,9.0,3.0,1.0,0.0,1.0,3.0,1.0,1.4,10.0,10,1
Etoxazole,0.0001,NT,CCOc1cc(ccc1C2COC(=N2)c3c(F)cccc3F)C(C)(C)C,359.16968541600005,336.2320000000001,0,138,26,0,3,0,1,1,2,0,2,3,0,5,4,0,0,0,3,2,C21H23F2NO2,359.4,CCOC1=C(C=CC(=C1)C(C)(C)C)C2COC(=N2)C3=C(C=CC=C3F)F,5.4,359.16968530,30.8,495,0,0,5,5,26,0,1,0,1,0,0,0,1,281.0,14.8,3.73,0.92,5.0,1.0,0.0,0.0,0.0,3.0,1.0,0.8,5.6,10,1
MGK-264,0.003,NT,CCCCC(CC)CN1C(=O)C2C3CC(C=C3)C2C1=O,275.18852904,250.19199999999995,0,110,20,0,3,2,1,3,0,0,0,2,0,3,6,1,1,2,3,0,C17H25NO2,275.4,CCCCC(CC)CN1C(=O)C2C3CC(C2C1=O)C=C3,3.4,275.188529040,37.4,412,0,0,2,6,20,0,5,0,5,0,0,0,1,228.6,8.92,2.51,1.35,7.0,2.0,0.0,0.0,0.0,2.0,3.0,0.8,6.4,10,1
"1,2,4-Triazole",0.039,NT,[nH]1cncn1,69.03269709599999,66.043,0,26,5,1,3,0,0,0,0,1,1,2,1,3,0,0,0,0,1,0,C2H3N3,69.07,C1=NC=NN1,-0.6,69.032697108,41.6,28,0,1,2,0,5,0,0,0,0,0,0,0,1,53.1,1.26,1.16,0.56,4.0,0.0,1.0,0.0,2.0,1.0,0.0,0.4,0.0,1,1
Napropamide,0.02,NT,CCN(CC)C(=O)C(C)Oc1cccc2ccccc12,271.157228912,250.19199999999992,0,106,20,0,3,0,0,0,2,0,2,2,0,3,5,0,0,0,2,0,C17H21NO2,271.35,CCN(CC)C(=O)C(C)OC1=CC=CC2=CC=CC=C21,3.4,271.157228913,29.5,314,0,0,2,5,20,0,1,0,1,0,0,0,1,224.3,8.3,2.67,1.62,4.0,2.0,0.0,0.0,0.0,2.0,0.0,0.8,6.0,10,1
Desmedipham,0.0269,NT,CCOC(=O)Nc1cccc(OC(=O)Nc2ccccc2)c1,300.111006992,284.18600000000004,0,114,22,2,6,0,0,0,2,0,2,4,2,6,4,0,0,0,2,0,C16H16N2O4,300.31,CCOC(=O)NC1=CC(=CC=C1)OC(=O)NC2=CC=CC=C2,3.4,300.11100700,76.7,369,0,2,4,6,22,0,0,0,0,0,0,0,1,232.6,19.75,2.53,1.06,6.0,2.0,2.0,0.0,0.0,2.0,0.0,0.8,8.0,10,1
Thiodicarb,0.002,NT,CSC(\C)=N/OC(=O)N(C)SN(C)C(=O)O\N=C(\C)SC,354.04901805599997,336.33500000000004,0,120,21,0,8,0,0,0,0,0,0,9,0,11,4,0,0,0,0,0,C10H18N4O4S3,354.5,CC(=NOC(=O)N(C)SN(C)C(=O)ON=C(C)SC)SC,1.7,354.04901859,160.0,393,0,0,9,8,21,0,0,0,0,2,2,0,1,259.3,16.76,2.19,1.11,6.0,4.0,0.0,0.0,0.0,0.0,2.0,1.0,10.0,10,1
Diphenamid,0.018000000000000002,NT,CN(C)C(=O)C(c1ccccc1)c2ccccc2,239.131014164,222.18199999999993,0,92,18,0,2,0,0,0,2,0,2,1,0,2,3,0,0,0,2,0,C16H17NO,239.31,CN(C)C(=O)C(C1=CC=CC=C1)C2=CC=CC=C2,3.0,239.131014166,20.3,244,0,0,1,3,18,0,0,0,0,0,0,0,1,199.3,5.28,3.83,1.36,3.0,1.0,0.0,0.0,0.0,2.0,0.0,0.6,4.0,10,1
Triadimenol,0.001,NT,CC(C)(C)C(O)C(Oc1ccc(Cl)cc1)n2cncn2,295.108754496,277.626,0,108,20,1,5,0,0,0,1,1,2,5,1,6,4,0,0,0,2,1,C14H18ClN3O2,295.76,CC(C)(C)C(C(N1C=NC=N1)OC2=CC=C(C=C2)Cl)O,3.1,295.1087545,60.2,303,0,1,4,5,20,0,2,0,2,0,0,0,1,224.6,7.96,3.26,1.3,8.0,2.0,1.0,0.0,2.0,2.0,1.0,0.8,5.0,10,1
Prochloraz,0.0015,NT,CCCN(CCOc1c(Cl)cc(Cl)cc1Cl)C(=O)n2ccnc2,375.030809792,360.5430000000001,0,124,23,0,5,0,0,0,1,1,2,4,0,8,6,0,0,0,2,3,C15H16Cl3N3O2,376.7,CCCN(CCOC1=C(C=C(C=C1Cl)Cl)Cl)C(=O)N2C=CN=C2,4.6,375.030810,47.4,377,0,0,3,6,23,0,0,0,0,0,0,0,1,268.0,10.77,3.91,1.5,5.0,2.0,0.0,0.0,0.0,2.0,1.0,0.8,8.0,10,1
Forchlorfenuron,0.0001,NT,Clc1cc(NC(=O)Nc2ccccc2)ccn1,247.05123962,237.60499999999996,0,86,17,2,4,0,0,0,1,1,2,2,2,5,2,0,0,0,2,1,C12H10ClN3O,247.68,C1=CC=C(C=C1)NC(=O)NC2=CC(=NC=C2)Cl,2.4,247.0512396,54.0,256,0,2,2,2,17,0,0,0,0,0,0,0,1,185.0,14.47,1.63,0.6,6.0,2.0,2.0,0.0,0.0,2.0,0.0,0.6,4.0,10,1
Hexythiazox,0.0326,NT,C[C@H]1C(SC(=O)N1C(=O)NC2CCCCC2)c3ccc(Cl)cc3,352.10122659200005,331.71900000000005,0,124,23,1,4,1,1,2,1,0,1,3,1,6,2,1,1,2,3,1,C17H21ClN2O2S,352.9,CC1C(SC(=O)N1C(=O)NC2CCCCC2)C3=CC=C(C=C3)Cl,4.5,352.1012268,74.7,448,0,1,3,2,23,0,2,1,1,0,0,0,1,265.9,11.55,3.38,1.52,5.0,1.0,1.0,0.0,0.0,3.0,0.0,0.8,6.0,10,1
Fonofos,0.0045,NT,CCO[P](=S)(CC)Sc1ccccc1,246.03019372999998,231.21699999999998,0,78,14,0,1,0,0,0,1,0,1,3,0,4,5,0,0,0,1,0,C10H15OPS2,246.3,CCOP(=S)(CC)SC1=CC=CC=C1,3.9,246.03019444,66.6,202,0,0,3,5,14,0,1,0,1,0,0,0,1,188.3,6.56,2.55,1.23,1.0,0.0,0.0,0.0,0.0,1.0,0.0,0.6,5.0,10,1
Profenofos,0.0018,NT,CCCS[P](=O)(OCC)Oc1ccc(Br)cc1Cl,371.93514175,358.51599999999996,0,102,18,0,3,0,0,0,1,0,1,4,0,7,7,0,0,0,1,2,C11H15BrClO3PS,373.63,CCCSP(=O)(OCC)OC1=C(C=C(C=C1)Br)Cl,4.7,371.93514,60.8,296,0,0,4,7,18,0,1,0,1,0,0,0,1,237.3,12.45,2.16,1.48,4.0,1.0,0.0,0.0,0.0,1.0,2.0,0.8,7.0,10,1
Tetrachlorvinphos,0.0015,NT,CO[P](=O)(OC)OC(=C/Cl)/c1cc(Cl)c(Cl)cc1Cl,363.89925611800004,356.89200000000005,0,106,19,0,4,0,0,0,1,0,1,4,0,9,5,0,0,0,1,4,C10H9Cl4O4P,366.0,COP(=O)(OC)OC(=CCl)C1=CC(=C(C=C1Cl)Cl)Cl,3.5,365.896306,44.8,371,0,0,4,5,19,0,0,0,0,1,1,0,1,235.5,8.05,2.38,2.08,2.0,1.0,0.0,0.0,0.0,1.0,0.0,0.6,5.0,10,1
Tetraconazole,0.006,NT,FC(F)C(F)(F)OCC(Cn1cncn1)c2ccc(Cl)cc2Cl,371.021530212,361.06100000000004,0,126,23,0,4,0,0,0,1,1,2,4,0,10,7,0,0,0,2,6,C13H11Cl2F4N3O,372.14,C1=CC(=C(C=C1Cl)Cl)C(CN2C=NC=N2)COC(C(F)F)(F)F,4.4,371.0215300,39.9,381,0,0,7,7,23,0,1,0,1,0,0,0,1,246.5,8.09,4.25,1.47,5.0,1.0,0.0,0.0,2.0,2.0,0.0,0.8,7.0,10,1
Tetramethrin,0.015,NT,CC(C)=C[C@@H]1[C@@H](C(=O)OCN2C(=O)C3=C(CCCC3)C2=O)C1(C)C,331.17835828,306.21200000000005,0,130,24,0,5,2,1,3,0,0,0,4,0,5,4,1,0,1,3,0,C19H25NO4,331.4,CC(=CC1C(C1(C)C)C(=O)OCN2C(=O)C3=C(C2=O)CCCC3)C,4.7,331.17835828,63.7,639,0,0,4,5,24,0,2,2,0,0,0,0,1,265.3,18.33,1.81,1.45,7.0,3.0,0.0,0.0,0.0,2.0,2.0,0.8,6.6,10,1
Norflurazon,0.02,NT,CNC1=C(Cl)C(=O)N(N=C1)c2cccc(c2)C(F)(F)F,303.038624248,294.59899999999993,0,106,20,1,4,0,0,0,1,1,2,4,1,8,2,0,0,0,2,4,C12H9ClF3N3O,303.67,CNC1=C(C(=O)N(N=C1)C2=CC=CC(=C2)C(F)(F)F)Cl,2.3,303.0386241,44.7,461,0,1,6,2,20,0,0,0,0,0,0,0,1,208.5,10.42,2.42,0.88,6.0,2.0,1.0,0.0,1.0,2.0,0.0,0.6,3.0,7,1
Propoxur,0.003,NT,CNC(=O)Oc1ccccc1OC(C)C,209.10519334,194.12499999999997,0,82,15,1,4,0,0,0,1,0,1,3,1,4,3,0,0,0,1,0,C11H15NO3,209.24,CC(C)OC1=CC=CC=C1OC(=O)NC,1.5,209.10519334,47.6,206,0,1,3,4,15,0,0,0,0,0,0,0,1,166.3,5.07,3.63,0.98,5.0,2.0,1.0,0.0,0.0,1.0,1.0,0.6,5.0,10,1
Bupirimate,0.002,NT,CCCCc1c(C)nc(NCC)nc1O[S](=O)(=O)N(C)C,316.156911628,292.235,0,120,21,1,7,0,0,0,0,1,1,6,1,8,8,0,0,0,1,0,C13H24N4O3S,316.42,CCCCC1=C(N=C(N=C1OS(=O)(=O)N(C)C)NCC)C,2.7,316.15691181,92.8,397,0,1,7,8,21,0,0,0,0,0,0,0,1,243.0,7.53,5.42,1.12,7.0,3.0,1.0,0.0,1.0,1.0,1.0,0.8,8.0,10,1
Methamidophos,0.004,NT,CO[P](N)(=O)SC,141.001336126,133.06799999999998,0,44,7,2,3,0,0,0,0,0,0,3,1,5,2,0,0,0,0,0,C2H8NO2PS,141.13,COP(=O)(N)SC,-0.9,141.00133667,77.6,95,0,1,4,2,7,0,1,0,1,0,0,0,1,98.4,2.59,1.72,1.12,0.0,0.0,0.0,0.0,0.0,0.0,0.0,0.4,2.0,9,1
Acequinocyl,0.01,NT,CCCCCCCCCCCCC1=C(OC(C)=O)C(=O)c2ccccc2C1=O,384.23005950399994,352.2600000000001,0,152,28,0,4,1,0,1,1,0,1,4,0,4,12,0,0,0,2,0,C24H32O4,384.5,CCCCCCCCCCCCC1=C(C(=O)C2=CC=CC=C2C1=O)OC(=O)C,7.6,384.23005950,60.4,575,0,0,4,13,28,0,0,0,0,0,0,0,1,318.1,34.73,3.5,1.12,6.0,3.0,0.0,0.0,0.0,2.0,1.0,1.4,13.0,10,1
Disulfoton,0.036000000000000004,NT,CCO[P](=S)(OCC)SCCSCC,274.028479478,255.261,0,86,14,0,2,0,0,0,0,0,0,5,0,6,9,0,0,0,0,0,C8H19O2PS3,274.4,CCOP(=S)(OCC)SCCSCC,4.0,274.02848036,101.0,168,0,0,5,9,14,0,0,0,0,0,0,0,1,204.6,10.18,3.44,1.42,2.0,0.0,0.0,0.0,0.0,0.0,2.0,0.8,9.0,10,1
Terbuthylazine,0.002,NT,CCNc1nc(Cl)nc(NC(C)(C)C)n1,229.10942319199998,213.587,0,84,15,2,5,0,0,0,0,1,1,5,2,6,3,0,0,0,1,1,C9H16ClN5,229.71,CCNC1=NC(=NC(=N1)Cl)NC(C)(C)C,3.1,229.1094232,62.7,193,0,2,5,4,15,0,0,0,0,0,0,0,1,169.1,5.28,4.13,0.82,6.0,0.0,2.0,0.0,2.0,1.0,1.0,0.6,4.0,10,1
Disulfoton sulfone,0.043,NT,CCO[P](=S)(OCC)SCC[S](=O)(=O)CC,306.018308718,287.25900000000007,0,98,16,0,4,0,0,0,0,0,0,6,0,8,9,0,0,0,0,0,C8H19O4PS3,306.4,CCOP(=S)(OCC)SCCS(=O)(=O)CC,1.9,306.01830960,118.0,313,0,0,6,9,16,0,0,0,0,0,0,0,1,218.7,10.33,3.3,1.44,2.0,2.0,0.0,0.0,0.0,0.0,0.0,0.8,9.0,10,1
Aldicarb sulfone,0.008,NT,CNC(=O)O\N=C\C(C)(C)[S](C)(=O)=O,222.067427928,208.154,0,82,14,1,6,0,0,0,0,0,0,5,1,7,3,0,0,0,0,0,C7H14N2O4S,222.26,CC(C)(C=NOC(=O)NC)S(=O)(=O)C,-0.6,222.06742811,93.2,326,0,1,5,4,14,0,0,0,0,1,1,0,1,163.2,8.52,1.48,1.19,6.0,4.0,1.0,0.0,0.0,0.0,1.0,0.6,5.0,10,1
Aldicarb sulfoxide,0.008,NT,CNC(=O)O\N=C\C(C)(C)[S](C)=O,206.072513308,192.155,0,76,13,1,5,0,0,0,0,0,0,4,1,6,3,0,0,0,0,0,C7H14N2O3S,206.27,CC(C)(C=NOC(=O)NC)S(=O)C,-0.2,206.07251349,87.0,238,0,1,5,4,13,0,1,0,1,1,1,0,1,156.1,7.96,1.52,1.22,5.0,3.0,1.0,0.0,0.0,0.0,1.0,0.6,5.0,10,1
Cyproconazole,0.005,NT,CC(C1CC1)C(O)(Cn2cncn2)c3ccc(Cl)cc3,291.113839876,273.638,0,106,20,1,4,1,0,1,1,1,2,4,1,5,5,1,0,1,3,1,C15H18ClN3O,291.77,CC(C1CC1)C(CN2C=NC=N2)(C3=CC=C(C=C3)Cl)O,2.9,291.1138399,50.9,331,0,1,3,5,20,0,2,0,2,0,0,0,1,224.3,5.56,4.75,1.11,7.0,1.0,1.0,0.0,2.0,2.0,1.0,0.8,5.6,10,1
Dichlobenil,0.0025,NT,Clc1cccc(Cl)c1C#N,170.964254456,168.98999999999998,0,50,10,0,1,0,0,0,1,0,1,1,0,3,0,0,0,0,1,2,C7H3Cl2N,172.01,C1=CC(=C(C(=C1)Cl)C#N)Cl,2.7,170.9642545,23.8,150,0,0,1,0,10,0,0,0,0,0,0,0,1,118.4,2.87,2.85,0.62,2.0,1.0,0.0,0.0,0.0,1.0,0.0,0.4,0.0,1,1
Fenazaquin,0.0025,NT,CC(C)(C)c1ccc(CCOc2ncnc3ccccc23)cc1,306.17321332399996,284.233,0,118,23,0,3,0,0,0,2,1,3,3,0,3,4,0,0,0,3,0,C20H22N2O,306.4,CC(C)(C)C1=CC=C(C=C1)CCOC2=NC=NC3=CC=CC=C32,5.7,306.173213330,35.0,357,0,0,3,5,23,0,0,0,0,0,0,0,1,249.9,13.11,3.24,1.35,5.0,0.0,0.0,0.0,1.0,3.0,1.0,0.8,5.0,10,1
O-Phenylphenol,0.01,NT,O(c1ccccc1)c2ccccc2,170.07316494,160.13099999999997,0,64,13,0,1,0,0,0,2,0,2,1,0,1,2,0,0,0,2,0,C12H10O,170.21,C1=CC=C(C=C1)OC2=CC=CC=C2,4.2,170.073164938,9.2,116,0,0,1,2,13,0,0,0,0,0,0,0,1,143.6,6.67,1.3,1.06,3.0,1.0,0.0,0.0,0.0,2.0,0.0,0.6,2.0,3,1
Triticonazole,0.005,NT,CC1(C)CC\C(=C/c2ccc(Cl)cc2)C1(O)Cn3cncn3,317.12948994000004,297.66,0,116,22,1,4,1,0,1,1,1,2,4,1,5,3,1,0,1,3,1,C17H20ClN3O,317.8,CC1(CCC(=CC2=CC=C(C=C2)Cl)C1(CN3C=NC=N3)O)C,3.1,317.1294900,50.9,432,0,1,3,3,22,0,1,0,1,1,1,0,1,245.4,8.63,3.78,1.17,8.0,1.0,1.0,0.0,2.0,3.0,1.0,0.6,3.8,10,1
Propachlor,0.001,NT,CC(C)N(C(=O)CCl)c1ccccc1,211.076391748,197.57999999999998,0,76,14,0,2,0,0,0,1,0,1,1,0,3,3,0,0,0,1,1,C11H14ClNO,211.69,CC(C)N(C1=CC=CC=C1)C(=O)CCl,2.2,211.0763918,20.3,188,0,0,1,3,14,0,0,0,0,0,0,0,1,165.6,4.16,2.96,1.27,3.0,1.0,0.0,0.0,0.0,1.0,1.0,0.6,4.0,10,1
"2,6-dichlorobenzamide",0.008,NT,NC(=O)c1c(Cl)cccc1Cl,188.97481914,184.989,0,58,11,2,2,0,0,0,1,0,1,1,1,4,1,0,0,0,1,2,C7H5Cl2NO,190.02,C1=CC(=C(C(=C1)Cl)C(=O)N)Cl,0.8,188.9748192,43.1,153,0,1,1,1,11,0,0,0,0,0,0,0,1,129.8,2.96,2.68,0.79,3.0,1.0,1.0,0.0,0.0,1.0,0.0,0.4,1.0,2,1
Prometon,0.001,NT,COc1nc(NC(C)C)nc(NC(C)C)n1,225.15896022799998,206.14399999999998,0,90,16,2,6,0,0,0,0,1,1,6,2,6,5,0,0,0,1,0,C10H19N5O,225.29,CC(C)NC1=NC(=NC(=N1)OC)NC(C)C,3.0,225.15896025,72.0,182,0,2,6,5,16,0,0,0,0,0,0,0,1,175.4,5.48,4.66,0.89,7.0,0.0,2.0,0.0,2.0,1.0,2.0,0.6,5.0,10,1
Triazophos,0.0013,NT,CCO[P](=S)(OCC)Oc1ncn(n1)c2ccccc2,313.064999002,297.1910000000001,0,108,20,0,6,0,0,0,1,1,2,7,0,8,7,0,0,0,2,0,C12H16N3O3PS,313.31,CCOP(=S)(OCC)OC1=NN(C=N1)C2=CC=CC=C2,3.5,313.06499955,90.5,332,0,0,6,7,20,0,0,0,0,0,0,0,1,231.4,13.53,2.84,1.26,4.0,0.0,0.0,0.0,2.0,2.0,0.0,0.8,7.0,10,1
Tebufenpyrad,0.005,NT,CCc1nn(C)c(C(=O)NCc2ccc(cc2)C(C)(C)C)c1Cl,333.160790068,309.67099999999994,0,124,23,1,4,0,0,0,1,1,2,3,1,5,4,0,0,0,2,1,C18H24ClN3O,333.9,CCC1=NN(C(=C1Cl)C(=O)NCC2=CC=C(C=C2)C(C)(C)C)C,4.5,333.1607901,46.9,402,0,1,2,5,23,0,0,0,0,0,0,0,1,263.5,14.61,2.78,1.32,7.0,2.0,1.0,0.0,0.0,2.0,2.0,0.8,6.0,10,1
Penconazole,0.004,NT,CCCC(Cn1cncn1)c2ccc(Cl)cc2Cl,283.06430284000004,269.07,0,96,18,0,3,0,0,0,1,1,2,3,0,5,5,0,0,0,2,2,C13H15Cl2N3,284.18,CCCC(CN1C=NC=N1)C2=C(C=C(C=C2)Cl)Cl,4.4,283.0643029,30.7,252,0,0,2,5,18,0,1,0,1,0,0,0,1,211.2,5.07,4.33,1.52,5.0,0.0,0.0,0.0,2.0,2.0,1.0,0.6,5.0,10,1
Triforine,0.01,NT,ClC(Cl)(Cl)C(NC=O)N1CCN(CC1)C(NC=O)C(Cl)(Cl)Cl,431.924791768,420.85400000000004,0,128,22,2,6,0,1,1,0,0,0,4,2,12,6,0,1,1,1,6,C10H14Cl6N4O2,435.0,C1CN(CCN1C(C(Cl)(Cl)Cl)NC=O)C(C(Cl)(Cl)Cl)NC=O,2.8,433.921842,64.7,345,0,2,4,4,22,0,2,0,2,0,0,0,1,266.7,10.81,2.9,1.57,7.0,2.0,2.0,0.0,2.0,1.0,0.0,0.8,9.2,10,1
Terbufos sulfoxide,0.002,NT,CCO[P](=S)(OCC)SC[S](=O)C(C)(C)C,304.039044162,283.2710000000001,0,98,16,0,3,0,0,0,0,0,0,5,0,7,7,0,0,0,0,0,C9H21O3PS3,304.4,CCOP(=S)(OCC)SCS(=O)C(C)(C)C,2.2,304.03904505,112.0,266,0,0,6,8,16,0,1,0,1,0,0,0,1,223.0,8.1,3.43,1.65,2.0,1.0,0.0,0.0,0.0,0.0,1.0,0.8,8.0,10,1
Isoprothiolane,0.0012,NT,CC(C)OC(=O)C(C(=O)OC(C)C)=C1SCCS1,290.064651056,272.26199999999994,0,102,18,0,4,0,1,1,0,0,0,6,0,6,4,0,1,1,1,0,C12H18O4S2,290.4,CC(C)OC(=O)C(=C1SCCS1)C(=O)OC(C)C,3.3,290.06465140,103.0,329,0,0,6,6,18,0,0,0,0,0,0,0,1,218.1,5.27,4.8,1.38,5.0,2.0,0.0,0.0,0.0,1.0,2.0,0.8,6.8,10,1
Carbofuran,0.006,NT,CNC(=O)Oc1cccc2CC(C)(C)Oc12,221.10519334,206.13599999999997,0,86,16,1,4,0,1,1,1,0,1,3,1,4,1,0,0,0,2,0,C12H15NO3,221.25,CC1(CC2=C(O1)C(=CC=C2)OC(=O)NC)C,2.3,221.10519334,47.6,277,0,1,3,2,16,0,0,0,0,0,0,0,1,172.2,5.69,3.03,0.98,6.0,2.0,1.0,0.0,0.0,2.0,1.0,0.6,3.6,10,1
Terbufos sulfone,0.002,NT,CCO[P](=S)(OCC)SC[S](=O)(=O)C(C)(C)C,320.033958782,299.2700000000001,0,104,17,0,4,0,0,0,0,0,0,6,0,8,7,0,0,0,0,0,C9H21O4PS3,320.4,CCOP(=S)(OCC)SCS(=O)(=O)C(C)(C)C,2.5,320.03395967,118.0,357,0,0,6,8,17,0,0,0,0,0,0,0,1,230.0,8.34,3.37,1.72,3.0,2.0,0.0,0.0,0.0,0.0,1.0,0.8,8.0,10,1
Ethalfluralin,0.0022,NT,CCN(CC(C)=C)c1c(cc(cc1[N+]([O-])=O)C(F)(F)F)[N+]([O-])=O,333.09364058799997,319.154,0,126,23,0,7,0,0,0,1,0,1,5,0,10,6,0,0,0,1,3,C13H14F3N3O4,333.26,CCN(CC(=C)C)C1=C(C=C(C=C1[N+](=O)[O-])C(F)(F)F)[N+](=O)[O-],5.1,333.09364042,94.9,449,0,0,8,4,23,0,0,0,0,0,0,0,1,234.3,7.89,2.86,1.18,8.0,4.0,0.0,2.0,1.0,1.0,0.0,0.8,7.0,5,1
Molinate,0.0013,NT,CCSC(=O)N1CCCCCC1,187.103085164,170.17199999999997,0,70,12,0,2,0,1,1,0,0,0,2,0,3,1,0,1,1,1,0,C9H17NOS,187.30,CCSC(=O)N1CCCCCC1,3.2,187.10308534,45.6,142,0,0,2,2,12,0,0,0,0,0,0,0,1,150.2,7.23,1.67,0.87,2.0,0.0,0.0,0.0,0.0,1.0,1.0,0.6,4.4,10,1
Trichlorfon,0.0025,NT,CO[P](=O)(OC)C(O)C(Cl)(Cl)Cl,255.92257840599999,249.373,0,74,12,1,4,0,0,0,0,0,0,4,1,8,3,0,0,0,0,3,C4H8Cl3O4P,257.43,COP(=O)(C(C(Cl)(Cl)Cl)O)OC,0.5,255.922579,55.8,183,0,1,4,3,12,0,1,0,1,0,0,0,1,156.8,4.27,1.94,1.45,3.0,2.0,1.0,0.0,0.0,0.0,0.0,0.6,4.0,10,1
Quinalphos,0.0012,NT,CCO[P](=S)(OCC)Oc1cnc2ccccc2n1,298.05409997000004,283.184,0,102,19,0,5,0,0,0,1,1,2,6,0,7,6,0,0,0,2,0,C12H15N2O3PS,298.30,CCOP(=S)(OCC)OC1=NC2=CC=CC=C2N=C1,4.4,298.05410052,85.6,322,0,0,6,6,19,0,0,0,0,0,0,0,1,220.3,9.82,2.89,1.25,3.0,1.0,0.0,0.0,0.0,2.0,0.0,0.8,6.0,10,1
Indoxacarb,0.005,T,COC(=O)N(C(=O)N1CO[C@]2(Cc3cc(Cl)ccc3C2=N1)C(=O)OC)c4ccc(OC(F)(F)F)cc4,527.070712224,510.7030000000003,0,190,36,0,10,1,1,2,2,0,2,8,0,14,3,0,0,0,4,4,C22H17ClF3N3O7,527.8,COC(=O)C12CC3=C(C1=NN(CO2)C(=O)N(C4=CC=C(C=C4)OC(F)(F)F)C(=O)OC)C=CC(=C3)Cl,4.8,527.0707121,107.0,912,0,0,11,5,36,0,1,1,0,0,0,0,1,364.0,18.83,3.89,1.94,10.0,6.0,0.0,0.0,0.0,4.0,0.0,1.0,9.8,10,2
Carboxin,0.01,T,CC1=C(SCCO1)C(=O)Nc2ccccc2,235.066699656,222.20399999999995,0,84,16,1,3,0,1,1,1,0,1,3,1,4,2,0,0,0,2,0,C12H13NO2S,235.30,CC1=C(SCCO1)C(=O)NC2=CC=CC=C2,2.1,235.06669983,63.6,295,0,1,3,2,16,0,0,0,0,0,0,0,1,181.4,9.53,1.45,1.3,5.0,2.0,1.0,0.0,0.0,2.0,0.0,0.6,3.8,8,2
Clethodim,0.0023,T,CCSC(C)CC1CC(=O)C(C(=O)C1)C(/CC)=N/OC\C=C\Cl,359.13219237199996,333.711,0,130,23,0,4,1,0,1,0,0,0,5,0,6,9,1,0,1,1,1,C17H26ClNO3S,359.9,CCC(=NOCC=CCl)C1C(=O)CC(CC1=O)CC(C)SCC,3.6,359.1321926,81.0,447,0,0,5,9,23,0,1,0,1,2,2,0,1,281.9,15.82,4.2,1.36,9.0,3.0,0.0,1.0,0.0,1.0,4.0,1.0,9.8,10,2
Coumaphos,0.001,T,CCO[P](=S)(OCC)Oc1ccc2C(=C(Cl)C(=O)Oc2c1)C,362.0144589219999,346.64300000000014,0,120,22,0,5,0,0,0,1,1,2,6,0,8,6,0,0,0,2,1,C14H16ClO5PS,362.8,CCOP(=S)(OCC)OC1=CC2=C(C=C1)C(=C(C(=O)O2)Cl)C,4.5,362.0144595,86.1,500,0,0,6,6,22,0,0,0,0,0,0,0,1,259.0,12.69,3.27,1.04,3.0,1.0,0.0,0.0,0.0,2.0,0.0,0.8,6.0,10,2
Cyanazine,0.005,T,CCNc1nc(Cl)nc(NC(C)(C)C#N)n1,240.08902209599998,227.594,0,86,16,2,6,0,0,0,0,1,1,6,2,7,4,0,0,0,1,1,C9H13ClN6,240.69,CCNC1=NC(=NC(=N1)Cl)NC(C)(C)C#N,2.2,240.0890221,86.5,272,0,2,6,4,16,0,0,0,0,0,0,0,1,174.2,5.3,4.05,1.0,7.0,1.0,2.0,0.0,2.0,1.0,1.0,0.6,4.0,10,2
Bromacil,0.001,T,CCC(C)N1C(=O)NC(=C(Br)C1=O)C,260.016039756,248.015,0,78,14,1,4,0,0,0,0,1,1,3,1,5,2,0,0,0,1,1,C9H13BrN2O2,261.12,CCC(C)N1C(=O)C(=C(NC1=O)C)Br,2.1,260.01604,49.4,312,0,1,2,2,14,0,1,0,1,0,0,0,1,165.4,4.67,2.27,1.24,6.0,2.0,1.0,0.0,0.0,1.0,2.0,0.6,2.0,6,2
Ethoxyquin,0.01,T,CCOc1ccc2NC(C)(C)C=C(C)c2c1,217.146664228,198.15999999999997,0,86,16,1,2,0,1,1,1,0,1,2,1,2,2,0,0,0,2,0,C14H19NO,217.31,CCOC1=CC2=C(C=C1)NC(C=C2C)(C)C,3.1,217.146664230,21.3,283,0,1,2,2,16,0,0,0,0,0,0,0,1,181.3,8.33,2.03,0.86,6.0,1.0,1.0,0.0,1.0,2.0,1.0,0.6,2.4,4,2
Bitertanol,0.01,T,CC(C)(C)C(O)C(Oc1ccc(cc1)c2ccccc2)n3cncn3,337.1790269760001,314.239,0,130,25,1,5,0,0,0,2,1,3,5,1,5,5,0,0,0,3,0,C20H23N3O2,337.4,CC(C)(C)C(C(N1C=NC=N1)OC2=CC=C(C=C2)C3=CC=CC=C3)O,4.2,337.17902698,60.2,398,0,1,4,6,25,0,2,0,2,0,0,0,1,272.8,14.5,2.98,1.19,9.0,2.0,1.0,0.0,2.0,3.0,1.0,0.8,6.0,10,2
Phenothrin,0.003,T,CC(C)=CC1C(C(=O)OCc2cccc(Oc3ccccc3)c2)C1(C)C,350.18819469199997,324.25000000000006,0,136,26,0,3,1,0,1,2,0,2,3,0,3,6,1,0,1,3,0,C23H26O3,350.4,CC(=CC1C(C1(C)C)C(=O)OCC2=CC(=CC=C2)OC3=CC=CC=C3)C,6.2,350.18819469,35.5,512,0,0,3,7,26,0,2,0,2,0,0,0,1,290.3,9.11,5.75,1.17,6.0,2.0,0.0,0.0,0.0,2.0,2.0,1.4,7.6,10,2
Famoxadone,0.002,T,CC1(OC(=O)N(Nc2ccccc2)C1=O)c3ccc(Oc4ccccc4)cc3,374.126657056,356.2520000000002,0,140,28,1,6,0,1,1,3,0,3,5,1,6,5,0,1,1,4,0,C22H18N2O4,374.4,CC1(C(=O)N(C(=O)O1)NC2=CC=CC=C2)C3=CC=C(C=C3)OC4=CC=CC=C4,5.0,374.12665706,67.9,563,0,1,5,5,28,0,1,0,1,0,0,0,1,290.5,14.09,4.23,1.47,8.0,3.0,1.0,0.0,0.0,4.0,0.0,0.8,5.6,10,2
Tolfenpyrad,0.005,T,CCc1nn(C)c(C(=O)NCc2ccc(Oc3ccc(C)cc3)cc2)c1Cl,383.14005462399996,361.7030000000001,0,140,27,1,5,0,0,0,2,1,3,4,1,6,6,0,0,0,3,1,C21H22ClN3O2,383.9,CCC1=NN(C(=C1Cl)C(=O)NCC2=CC=C(C=C2)OC3=CC=C(C=C3)C)C,4.7,383.1400546,56.2,476,0,1,3,6,27,0,0,0,0,0,0,0,1,297.8,16.4,4.06,1.73,8.0,3.0,1.0,0.0,0.0,3.0,1.0,0.8,7.0,10,2
Diflufenzopyr,0.003,T,C\C(=N/NC(=O)Nc1cc(F)cc(F)c1)c2ncccc2C(O)=O,334.08774668399997,322.18600000000004,0,124,24,3,7,0,0,0,1,1,2,4,3,9,4,0,0,0,2,2,C15H12F2N4O3,334.28,CC(=NNC(=O)NC1=CC(=CC(=C1)F)F)C2=C(C=CC=N2)C(=O)O,1.8,334.08774658,104.0,493,0,3,7,4,24,0,0,0,0,1,1,0,1,242.7,18.85,1.72,1.55,10.0,5.0,2.0,1.0,0.0,2.0,0.0,0.8,6.0,10,2
Metrafenone,0.0013,T,COc1ccc(Br)c(C)c1C(=O)c2c(C)cc(OC)c(OC)c2OC,408.0572358719999,388.1080000000002,0,134,25,0,5,0,0,0,2,0,2,5,0,6,6,0,0,0,2,1,C19H21BrO5,409.3,CC1=CC(=C(C(=C1C(=O)C2=C(C=CC(=C2C)Br)OC)OC)OC)OC,4.6,408.05724,54.0,446,0,0,5,6,25,0,0,0,0,0,0,0,1,285.1,9.58,2.63,1.65,8.0,5.0,0.0,0.0,0.0,2.0,1.0,0.8,6.0,10,2
Flumioxazin,0.005,T,Fc1cc2OCC(=O)N(CC#C)c2cc1N3C(=O)C4=C(CCCC4)C3=O,354.10158518000003,339.2170000000001,0,132,26,0,6,1,2,3,1,0,1,4,0,7,2,0,0,0,4,1,C19H15FN2O4,354.3,C#CCN1C(=O)COC2=CC(=C(C=C21)N3C(=O)C4=C(C3=O)CCCC4)F,1.8,354.10158513,66.9,724,0,0,5,2,26,0,0,0,0,0,0,0,1,264.2,12.32,3.4,0.81,9.0,4.0,0.0,0.0,0.0,4.0,1.0,0.8,3.6,6,2
Metaldehyde,0.1,T,CC=O,44.026214748,40.021,0,18,3,0,1,0,0,0,0,0,0,1,0,1,0,0,0,0,0,0,C2H4O,44.05,CC=O,-0.3,44.026214747,17.1,10,0,0,1,0,3,0,0,0,0,0,0,0,1,39.9,1.5,0.68,0.58,1.0,1.0,0.0,0.0,0.0,0.0,0.0,0.4,0.0,1,2
Fenpyroximate,0.0006,T,Cn1nc(C)c(\C=N\OCc2ccc(cc2)C(=O)OC(C)(C)C)c1Oc3ccccc3,421.200156344,394.28100000000023,0,162,31,0,7,0,0,0,2,1,3,7,0,7,7,0,0,0,3,0,C24H27N3O4,421.5,CC1=NN(C(=C1C=NOCC2=CC=C(C=C2)C(=O)OC(C)(C)C)OC3=CC=CC=C3)C,4.9,421.20015635,74.9,592,0,0,6,9,31,0,0,0,0,1,1,0,1,334.9,24.96,4.34,1.48,8.0,4.0,0.0,0.0,0.0,3.0,1.0,1.0,9.0,10,2
Chlorfenapyr,0.028999999999999998,T,CCOCn1c(c2ccc(Cl)cc2)c(C#N)c(Br)c1C(F)(F)F,405.969537412,396.52899999999994,0,122,23,0,3,0,0,0,1,1,2,3,0,8,4,0,0,0,2,5,C15H11BrClF3N2O,407.61,CCOCN1C(=C(C(=C1C(F)(F)F)Br)C#N)C2=CC=C(C=C2)Cl,4.5,405.96954,38.0,448,0,0,5,4,23,0,0,0,0,0,0,0,1,259.9,7.91,4.5,1.17,6.0,2.0,0.0,0.0,1.0,2.0,1.0,0.8,5.0,4,2
Diuron,0.01,T,CN(C)C(=O)Nc1ccc(Cl)c(Cl)c1,232.0170183,223.01799999999997,0,76,14,1,3,0,0,0,1,0,1,1,1,5,1,0,0,0,1,2,C9H10Cl2N2O,233.09,CN(C)C(=O)NC1=CC(=C(C=C1)Cl)Cl,2.7,232.0170183,32.3,211,0,1,1,1,14,0,0,0,0,0,0,0,1,166.8,8.93,1.9,0.6,3.0,1.0,1.0,0.0,0.0,1.0,0.0,0.6,3.0,10,2
Tricyclazole,0.05,T,Cc1cccc2sc3nncn3c12,189.036068224,182.18699999999998,0,64,13,0,3,0,0,0,1,2,3,4,0,4,0,0,0,0,3,0,C9H7N3S,189.24,CC1=C2C(=CC=C1)SC3=NN=CN23,1.7,189.03606841,58.4,211,0,0,3,0,13,0,0,0,0,0,0,0,1,141.7,4.28,2.41,0.6,5.0,0.0,0.0,0.0,2.0,3.0,0.0,0.4,0.0,1,2
Fluazinam,0.01,T,[O-][N+](=O)c1cc(c(Cl)c(c1Nc2ncc(cc2Cl)C(F)(F)F)[N+]([O-])=O)C(F)(F)F,463.95137928799994,461.06100000000004,0,156,29,1,8,0,0,0,1,1,2,6,1,16,4,0,0,0,2,8,C13H4Cl2F6N4O4,465.09,C1=C(C=NC(=C1Cl)NC2=C(C=C(C(=C2[N+](=O)[O-])Cl)C(F)(F)F)[N+](=O)[O-])C(F)(F)F,6.0,463.9513790,117.0,628,0,1,12,2,29,0,0,0,0,0,0,0,1,286.9,12.42,2.63,1.9,11.0,5.0,1.0,2.0,1.0,2.0,0.0,0.8,6.0,4,2
Clofentezine,0.0224,T,Clc1ccccc1c2nnc(nn2)c3ccccc3Cl,302.012601616,295.08799999999997,0,98,20,0,4,0,0,0,2,1,3,4,0,6,2,0,0,0,3,2,C14H8Cl2N4,303.1,C1=CC=C(C(=C1)C2=NN=C(N=N2)C3=CC=CC=C3Cl)Cl,3.2,302.0126017,51.6,280,0,0,4,2,20,0,0,0,0,0,0,0,1,216.0,12.86,1.98,0.83,5.0,0.0,0.0,0.0,2.0,3.0,0.0,0.6,2.0,8,2
Hydroprene,0.0131,T,CCOC(=O)\C=C(C)\C=C\CC(C)CCCC(C)C,266.2245802,236.18499999999995,0,110,19,0,2,0,0,0,0,0,0,2,0,2,9,0,0,0,0,0,C17H30O2,266.4,CCOC(=O)C=C(C)C=CCC(C)CCCC(C)C,6.2,266.224580195,26.3,300,0,0,2,10,19,0,1,0,1,2,2,0,1,236.3,14.0,4.49,1.19,4.0,1.0,0.0,0.0,0.0,0.0,3.0,1.0,10.0,10,2
Desethyl atrazine,0.0025,T,CC(C)Nc1nc(N)nc(Cl)n1,187.06247299999998,177.55400000000003,0,66,12,3,5,0,0,0,0,1,1,5,2,6,2,0,0,0,1,1,C6H10ClN5,187.63,CC(C)NC1=NC(=NC(=N1)N)Cl,1.5,187.0624730,76.7,142,0,2,5,2,12,0,0,0,0,0,0,0,1,131.8,5.47,2.21,0.77,6.0,0.0,2.0,0.0,2.0,1.0,1.0,0.6,2.0,8,2
Fipronil,0.0006,T,Nc1n(nc(C#N)c1[S](=O)C(F)(F)F)c2c(Cl)cc(cc2Cl)C(F)(F)F,435.938706428,433.12,0,140,26,2,5,0,0,0,1,1,2,5,1,14,2,0,0,0,2,8,C12H4Cl2F6N4OS,437.1,C1=C(C=C(C(=C1Cl)N2C(=C(C(=N2)C#N)S(=O)C(F)(F)F)N)Cl)C(F)(F)F,4.5,435.9387063,104.0,599,0,1,11,2,26,0,1,0,1,0,0,0,1,272.3,11.95,2.46,1.62,7.0,3.0,1.0,0.0,1.0,2.0,0.0,0.8,4.0,5,2
Pyrethrins,0.06,T,CC(C)=C[C@@H]1[C@@H](C(=O)O[C@H]2CC(=O)C(=C2C)C\C=C\C=C)C1(C)C,328.20384475599997,300.228,0,130,24,0,3,2,0,2,0,0,0,3,0,3,6,1,0,1,2,0,C21H28O3,328.4,CC1=C(C(=O)CC1OC(=O)C2C(C2(C)C)C=C(C)C)CC=CC=C,5.4,328.20384475,43.4,642,0,0,3,7,24,0,3,3,0,1,1,0,1,278.6,20.93,1.64,1.24,6.0,2.0,0.0,0.0,0.0,1.0,3.0,0.8,8.0,10,2
Oryzalin,0.01,T,CCCN(CCC)c1c(cc(cc1[N+]([O-])=O)[S](N)(=O)=O)[N+]([O-])=O,346.0947052959999,328.22100000000006,0,128,23,2,10,0,0,0,1,0,1,7,1,11,8,0,0,0,1,0,C12H18N4O6S,346.36,CCCN(CCC)C1=C(C=C(C=C1[N+](=O)[O-])S(=O)(=O)N)[N+](=O)[O-],2.1,346.09470548,163.0,493,0,1,8,6,23,0,0,0,0,0,0,0,1,246.5,7.65,2.73,2.11,13.0,6.0,1.0,2.0,1.0,1.0,2.0,0.8,8.0,2,2
Fenamidone,0.0025,T,CSC1=N[C@](C)(C(=O)N1Nc2ccccc2)c3ccccc3,311.109233164,294.27400000000006,0,112,22,1,4,0,1,1,2,0,2,4,1,5,3,0,0,0,3,0,C17H17N3OS,311.4,CC1(C(=O)N(C(=N1)SC)NC2=CC=CC=C2)C3=CC=CC=C3,4.1,311.10923335,70.0,441,0,1,4,4,22,0,1,1,0,0,0,0,1,245.0,7.62,3.75,1.76,6.0,1.0,1.0,0.0,0.0,3.0,1.0,0.8,4.4,10,2
Bensulide,0.004,T,CC(C)O[P](=S)(OC(C)C)SCCN[S](=O)(=O)c1ccccc1,397.06050787799995,373.33200000000016,0,132,23,1,5,0,0,0,1,0,1,6,1,9,10,0,0,0,1,0,C14H24NO4PS3,397.5,CC(C)OP(=S)(OC(C)C)SCCNS(=O)(=O)C1=CC=CC=C1,4.2,397.06050877,130.0,471,0,1,7,10,23,0,0,0,0,0,0,0,1,291.7,15.72,3.74,1.59,6.0,2.0,1.0,0.0,0.0,1.0,2.0,1.0,10.0,10,2
Cymoxanil,0.002,T,CCNC(=O)NC(=O)\C(=N\OC)C#N,198.07529018,188.10199999999998,0,76,14,2,7,0,0,0,0,0,0,5,2,7,3,0,0,0,0,0,C7H10N4O3,198.18,CCNC(=O)NC(=O)C(=NOC)C#N,0.7,198.07529019,104.0,301,0,2,5,3,14,0,0,0,0,1,1,0,1,148.3,7.42,2.16,1.12,6.0,4.0,2.0,0.0,0.0,0.0,0.0,0.6,6.0,10,2
Oxydemeton methyl,0.002,T,CC[S](=O)CCS[P](=O)(OC)OC,246.01493759,231.16999999999996,0,80,13,0,4,0,0,0,0,0,0,5,0,7,7,0,0,0,0,0,C6H15O4PS2,246.3,CCS(=O)CCSP(=O)(OC)OC,-0.7,246.01493830,97.1,201,0,0,6,7,13,0,1,0,1,0,0,0,1,176.0,12.11,1.43,1.0,2.0,2.0,0.0,0.0,0.0,0.0,0.0,0.8,7.0,10,2
Spiroxamine,0.001,T,CCCN(CC)CC1COC2(CCC(CC2)C(C)(C)C)O1,297.26677936,262.203,0,124,21,0,3,1,1,2,0,0,0,3,0,3,5,1,1,2,2,0,C18H35NO2,297.5,CCCN(CC)CC1COC2(O1)CCC(CC2)C(C)(C)C,4.2,297.266779359,21.7,316,0,0,3,6,21,0,1,0,1,0,0,0,1,246.9,13.78,2.38,1.44,7.0,2.0,0.0,0.0,1.0,2.0,2.0,0.8,7.8,10,2
Uniconazole,0.002,T,CC(C)(C)C(O)\C(=C/c1ccc(Cl)cc1)n2cncn2,291.11383987600004,273.638,0,106,20,1,4,0,0,0,1,1,2,4,1,5,3,0,0,0,2,1,C15H18ClN3O,291.77,CC(C)(C)C(C(=CC1=CC=C(C=C1)Cl)N2C=NC=N2)O,3.6,291.1138399,50.9,346,0,1,3,4,20,0,1,0,1,1,1,0,1,225.9,8.91,2.68,1.31,7.0,1.0,1.0,0.0,2.0,2.0,1.0,0.6,4.0,10,2
Flutriafol,0.002,T,OC(Cn1cncn1)(c2ccc(F)cc2)c3ccccc3F,301.102668476,288.192,0,112,22,1,4,0,0,0,2,1,3,4,1,6,4,0,0,0,3,2,C16H13F2N3O,301.29,C1=CC=C(C(=C1)C(CN2C=NC=N2)(C3=CC=C(C=C3)F)O)F,2.3,301.10266837,50.9,365,0,1,5,4,22,0,1,0,1,0,0,0,1,224.9,7.32,3.14,1.36,7.0,1.0,1.0,0.0,2.0,3.0,0.0,0.6,4.0,10,2
Zoxamide,0.009000000000000001,T,CCC(C)(NC(=O)c1cc(Cl)c(C)c(Cl)c1)C(=O)CCl,335.02466179199996,320.51800000000003,0,110,20,1,3,0,0,0,1,0,1,2,1,6,5,0,0,0,1,3,C14H16Cl3NO2,336.6,CCC(C)(C(=O)CCl)NC(=O)C1=CC(=C(C(=C1)Cl)C)Cl,4.3,335.024662,46.2,365,0,1,2,5,20,0,1,0,1,0,0,0,1,240.6,10.4,3.03,1.15,5.0,2.0,1.0,0.0,0.0,1.0,1.0,0.8,6.0,10,2
Ethofumesate,0.015,T,CCOC1Oc2ccc(O[S](C)(=O)=O)cc2C1(C)C,286.087494676,268.205,0,106,19,0,5,0,1,1,1,0,1,5,0,6,4,0,0,0,2,0,C13H18O5S,286.35,CCOC1C(C2=C(O1)C=CC(=C2)OS(=O)(=O)C)(C)C,2.7,286.08749484,70.2,411,0,0,5,4,19,0,1,0,1,0,0,0,1,214.3,8.83,2.1,1.52,7.0,4.0,0.0,0.0,0.0,2.0,1.0,0.6,4.6,10,2
Flufenacet,0.003,T,CC(C)N(C(=O)COc1sc(nn1)C(F)(F)F)c2ccc(F)cc2,363.066460536,350.2320000000001,0,130,24,0,5,0,0,0,1,1,2,5,0,10,5,0,0,0,2,4,C14H13F4N3O2S,363.33,CC(C)N(C1=CC=C(C=C1)F)C(=O)COC2=NN=C(S2)C(F)(F)F,3.6,363.06646049,83.6,431,0,0,9,5,24,0,0,0,0,0,0,0,1,254.7,14.04,3.45,1.08,5.0,2.0,0.0,0.0,0.0,2.0,1.0,0.8,7.0,10,2
EPTC,0.004,T,CCCN(CCC)C(=O)SCC,189.118735228,170.17199999999997,0,72,12,0,2,0,0,0,0,0,0,2,0,3,5,0,0,0,0,0,C9H19NOS,189.32,CCCN(CCC)C(=O)SCC,3.2,189.11873540,45.6,122,0,0,2,6,12,0,0,0,0,0,0,0,1,158.3,6.25,3.41,0.77,3.0,0.0,0.0,0.0,0.0,0.0,3.0,0.8,7.0,10,2
Glyphosate,0.25,T,OC(=O)CNC[P](O)(O)=O,169.014008986,161.009,0,60,10,4,6,0,0,0,0,0,0,3,4,7,4,0,0,0,0,0,C3H8NO5P,169.07,C(C(=O)O)NCP(=O)(O)O,-4.6,169.01400935,107.0,162,0,4,6,4,10,0,0,0,0,0,0,0,1,113.3,6.34,1.14,0.85,9.0,5.0,1.0,2.0,1.0,0.0,0.0,0.6,4.0,7,2
Novaluron,0.0011,T,FC(OC(F)(F)F)C(F)(F)Oc1ccc(NC(=O)NC(=O)c2c(F)cccc2F)cc1Cl,492.01231020800003,483.63400000000024,0,174,32,2,6,0,0,0,2,0,2,4,2,15,6,0,0,0,2,9,C17H9ClF8N2O4,492.7,C1=CC(=C(C(=C1)F)C(=O)NC(=O)NC2=CC(=C(C=C2)OC(C(OC(F)(F)F)F)(F)F)Cl)F,5.8,492.0123098,76.7,661,0,2,12,6,32,0,1,0,1,0,0,0,1,312.8,30.73,2.07,1.11,8.0,4.0,2.0,0.0,0.0,2.0,0.0,1.0,10.0,10,2
Clomazone,0.005,T,CC1(C)CON(Cc2ccccc2Cl)C1=O,239.071306368,225.58999999999997,0,86,16,0,3,0,1,1,1,0,1,2,0,4,2,0,1,1,2,1,C12H14ClNO2,239.70,CC1(CON(C1=O)CC2=CC=CC=C2Cl)C,2.5,239.0713064,29.5,280,0,0,2,2,16,0,0,0,0,0,0,0,1,182.8,7.11,1.92,1.19,4.0,1.0,0.0,0.0,0.0,2.0,1.0,0.6,2.8,10,2
Disulfoton sulfoxide,0.003,T,CCO[P](=S)(OCC)SCC[S](=O)CC,290.023394098,271.26000000000005,0,92,15,0,3,0,0,0,0,0,0,5,0,7,9,0,0,0,0,0,C8H19O3PS3,290.4,CCOP(=S)(OCC)SCCS(=O)CC,1.7,290.02339498,112.0,225,0,0,6,9,15,0,1,0,1,0,0,0,1,212.0,10.29,3.38,1.42,1.0,1.0,0.0,0.0,0.0,0.0,0.0,0.8,9.0,10,2
Clopyralid,0.015,T,OC(=O)c1nc(Cl)ccc1Cl,190.954083696,188.977,0,58,11,1,3,0,0,0,0,1,1,2,1,5,1,0,0,0,1,2,C6H3Cl2NO2,192.00,C1=CC(=NC(=C1Cl)C(=O)O)Cl,2.3,190.9540837,50.2,165,0,1,3,1,11,0,0,0,0,0,0,0,1,126.7,3.86,2.25,0.73,5.0,3.0,0.0,1.0,0.0,1.0,0.0,0.4,1.0,2,2
Flubendiamide,0.001,T,Cc1cc(ccc1NC(=O)c2cccc(I)c2C(=O)NC(C)(C)C[S](C)(=O)=O)C(F)(C(F)(F)F)C(F)(F)F,682.023323724,660.2200000000005,0,210,38,2,6,0,0,0,2,0,2,4,2,15,7,0,0,0,2,8,C23H22F7IN2O4S,682.4,CC1=C(C=CC(=C1)C(C(F)(F)F)(C(F)(F)F)F)NC(=O)C2=C(C(=CC=C2)I)C(=O)NC(C)(C)CS(=O)(=O)C,5.3,682.02332,101.0,968,0,2,11,7,38,0,0,0,0,0,0,0,1,411.4,16.32,4.75,1.89,10.0,4.0,2.0,0.0,0.0,2.0,2.0,1.2,11.0,10,2
Metconazole,0.01,T,CC1(C)CCC(Cc2ccc(Cl)cc2)C1(O)Cn3cncn3,319.14514000400004,297.66,0,118,22,1,4,1,0,1,1,1,2,4,1,5,4,1,0,1,3,1,C17H22ClN3O,319.8,CC1(CCC(C1(CN2C=NC=N2)O)CC3=CC=C(C=C3)Cl)C,3.7,319.1451400,50.9,384,0,1,3,4,22,0,2,0,2,0,0,0,1,247.6,8.46,3.89,1.08,8.0,1.0,1.0,0.0,2.0,3.0,1.0,0.8,5.0,10,2
Spiromesifen,0.003,T,Cc1cc(C)c(c(C)c1)C2=C(OC(=O)CC(C)(C)C)C3(CCCC3)OC2=O,370.21440943999994,340.2490000000001,0,146,27,0,4,1,1,2,1,0,1,4,0,4,3,1,0,1,3,0,C23H30O4,370.5,CC1=CC(=C(C(=C1)C)C2=C(C3(CCCC3)OC2=O)OC(=O)CC(C)(C)C)C,5.1,370.21440943,52.6,621,0,0,4,5,27,0,0,0,0,0,0,0,1,300.4,7.3,4.87,1.66,6.0,2.0,0.0,0.0,0.0,3.0,1.0,0.8,6.0,10,2
Kresoxim-methyl,0.003,T,CO\N=C(C(=O)OC)/c1ccccc1COc2ccccc2C,313.131408088,294.201,0,120,23,0,5,0,0,0,2,0,2,5,0,5,6,0,0,0,2,0,C18H19NO4,313.3,CC1=CC=CC=C1OCC2=CC=CC=C2C(=NOC)C(=O)OC,4.1,313.13140809,57.1,410,0,0,5,7,23,0,0,0,0,1,1,0,1,251.2,7.46,3.7,1.85,5.0,3.0,0.0,0.0,0.0,2.0,0.0,0.8,7.0,10,2
Aminomethylphosphonic acid (AMPA),0.25,T,NC[P](O)(O)=O,111.008529682,104.98899999999999,0,38,6,4,4,0,0,0,0,0,0,2,3,5,1,0,0,0,0,0,CH6NO3P,111.04,C(N)P(=O)(O)O,-4.7,111.00853005,83.6,74,0,3,4,1,6,0,0,0,0,0,0,0,1,72.6,1.94,1.1,1.04,6.0,3.0,1.0,1.0,1.0,0.0,0.0,0.4,1.0,1,2
Thiobencarb,0.01,T,CCN(CC)C(=O)SCc1ccc(Cl)cc1,257.064112812,241.65799999999996,0,88,16,0,2,0,0,0,1,0,1,2,0,4,4,0,0,0,1,1,C12H16ClNOS,257.78,CCN(CC)C(=O)SCC1=CC=C(C=C1)Cl,3.4,257.0641130,45.6,213,0,0,2,5,16,0,0,0,0,0,0,0,1,199.3,13.27,1.63,1.08,1.0,0.0,0.0,0.0,0.0,1.0,0.0,0.8,6.0,10,2
Propetamphos,0.001,T,CCN[P](=S)(OC)OC(/C)=C\C(=O)OC(C)C,281.08506575,261.15399999999994,0,100,17,1,5,0,0,0,0,0,0,5,1,7,7,0,0,0,0,0,C10H20NO4PS,281.31,CCNP(=S)(OC)OC(=CC(=O)OC(C)C)C,2.8,281.08506629,88.9,330,0,1,6,8,17,0,1,0,1,1,1,0,1,212.2,8.47,2.97,1.39,2.0,1.0,0.0,0.0,0.0,0.0,1.0,1.0,8.0,10,2
Etofenprox,0.0015,T,CCOc1ccc(cc1)C(C)(C)COCc2cccc(Oc3ccccc3)c2,376.20384475599997,348.2720000000001,0,146,28,0,3,0,0,0,3,0,3,3,0,3,9,0,0,0,3,0,C25H28O3,376.5,CCOC1=CC=C(C=C1)C(C)(C)COCC2=CC(=CC=C2)OC3=CC=CC=C3,7.0,376.20384475,27.7,422,0,0,3,9,28,0,0,0,0,0,0,0,1,311.3,8.06,5.96,1.87,7.0,3.0,0.0,0.0,0.0,3.0,1.0,1.0,9.0,10,2
Ametryn,0.003,T,CCNc1nc(NC(C)C)nc(SC)n1,227.12046654399998,210.201,0,84,15,2,5,0,0,0,0,1,1,6,2,6,5,0,0,0,1,0,C9H17N5S,227.33,CCNC1=NC(=NC(=N1)SC)NC(C)C,3.0,227.12046674,88.0,178,0,2,6,5,15,0,0,0,0,0,0,0,1,177.2,7.77,3.28,0.76,7.0,0.0,2.0,0.0,2.0,1.0,2.0,0.6,5.0,10,2
Spirodiclofen,0.012,T,CCC(C)(C)C(=O)OC1=C(C(=O)OC12CCCCC2)c3ccc(Cl)cc3Cl,410.105164608,387.13300000000004,0,146,27,0,4,1,1,2,1,0,1,4,0,6,4,1,0,1,3,2,C21H24Cl2O4,411.3,CCC(C)(C)C(=O)OC1=C(C(=O)OC12CCCCC2)C3=C(C=C(C=C3)Cl)Cl,5.9,410.1051646,52.6,634,0,0,4,5,27,0,0,0,0,0,0,0,1,304.9,8.54,4.68,1.56,7.0,2.0,0.0,0.0,0.0,3.0,2.0,0.8,6.2,10,2
Thiophanate methyl,0.015,T,COC(=O)NC(=S)Nc1ccccc1NC(=S)NC(=O)OC,342.045646928,328.2900000000001,0,118,22,4,8,0,0,0,1,0,1,6,4,10,2,0,0,0,1,0,C12H14N4O4S2,342.4,COC(=O)NC(=S)NC1=CC=CC=C1NC(=S)NC(=O)OC,2.6,342.04564729,165.0,407,0,4,6,4,22,0,0,0,0,0,0,0,1,249.2,7.23,6.05,1.08,9.0,4.0,4.0,0.0,0.0,1.0,0.0,1.0,10.0,10,2
Propamocarb,0.01,T,CCCOC(=O)NCCCN(C)C,188.15247788,168.111,0,78,13,1,4,0,0,0,0,0,0,3,1,4,6,0,0,0,0,0,C9H20N2O2,188.27,CCCOC(=O)NCCCN(C)C,1.2,188.152477885,41.6,138,0,1,3,7,13,0,0,0,0,0,0,0,1,157.2,11.17,1.72,0.79,4.0,1.0,1.0,0.0,1.0,0.0,1.0,0.8,8.0,10,2
Quizalofop ethyl,0.0019,T,CCOC(=O)C(C)Oc1ccc(Oc2cnc3cc(Cl)ccc3n2)cc1,372.0876847040001,355.6720000000001,0,134,26,0,6,0,0,0,2,1,3,6,0,7,6,0,0,0,3,1,C19H17ClN2O4,372.8,CCOC(=O)C(C)OC1=CC=C(C=C1)OC2=CN=C3C=C(C=CC3=N2)Cl,4.3,372.0876847,70.5,459,0,0,6,7,26,0,1,0,1,0,0,0,1,279.4,17.25,4.06,1.36,8.0,5.0,0.0,0.0,0.0,3.0,0.0,0.8,7.0,10,2
Naled,0.0076,T,CO[P](=O)(OC)OC(Br)C(Cl)(Cl)Br,377.782574894,373.72799999999995,0,80,13,0,4,0,0,0,0,0,0,4,0,9,5,0,0,0,0,4,C4H7Br2Cl2O4P,380.78,COP(=O)(OC)OC(C(Cl)(Cl)Br)Br,2.5,379.78053,44.8,206,0,0,4,5,13,0,1,0,1,0,0,0,1,184.3,5.3,2.01,1.82,3.0,1.0,0.0,0.0,0.0,0.0,2.0,0.6,5.0,10,2
Cyazofamid,0.01,T,CN(C)[S](=O)(=O)n1c(nc(Cl)c1c2ccc(C)cc2)C#N,324.04477433600005,311.6890000000001,0,110,21,0,6,0,0,0,1,1,2,5,0,8,3,0,0,0,2,1,C13H13ClN4O2S,324.79,CC1=CC=C(C=C1)C2=C(N=C(N2S(=O)(=O)N(C)C)C#N)Cl,2.6,324.0447745,87.4,516,0,0,5,3,21,0,0,0,0,0,0,0,1,235.3,6.74,3.35,1.32,4.0,2.0,0.0,0.0,0.0,2.0,0.0,0.6,3.0,5,2
Pentachlorophenyl methyl sulfide,0.0098,T,CSc1c(Cl)c(Cl)c(Cl)c(Cl)c1Cl,293.839809496,293.409,0,72,13,0,0,0,0,0,1,0,1,1,0,6,1,0,0,0,1,5,C7H3Cl5S,296.4,CSC1=C(C(=C(C(=C1Cl)Cl)Cl)Cl)Cl,5.6,295.836860,25.3,162,0,0,1,1,13,0,0,0,0,0,0,0,1,175.5,4.42,3.44,0.8,2.0,0.0,0.0,0.0,0.0,1.0,1.0,0.4,1.0,1,2
Flutolanil,0.001,T,CC(C)Oc1cccc(NC(=O)c2ccccc2C(F)(F)F)c1,323.113313412,307.186,0,122,23,1,3,0,0,0,2,0,2,2,1,6,4,0,0,0,2,3,C17H16F3NO2,323.31,CC(C)OC1=CC=CC(=C1)NC(=O)C2=CC=CC=C2C(F)(F)F,3.7,323.11331324,38.3,398,0,1,5,4,23,0,0,0,0,0,0,0,1,242.8,12.28,2.41,1.84,6.0,2.0,1.0,0.0,0.0,2.0,1.0,0.8,6.0,10,2
Thiabendazole,0.03,T,[nH]1c2ccccc2nc1c3cscn3,201.036068224,194.19799999999998,0,68,14,1,3,0,0,0,1,2,3,3,1,4,1,0,0,0,3,0,C10H7N3S,201.25,C1=CC=C2C(=C1)NC(=N2)C3=CSC=N3,2.5,201.03606841,69.8,212,0,1,3,1,14,0,0,0,0,0,0,0,1,152.3,8.57,1.48,0.61,6.0,1.0,1.0,0.0,1.0,3.0,0.0,0.4,1.0,2,2
Phorate,0.008,T,CCO[P](=S)(OCC)SCSCC,260.012829414,243.25,0,80,13,0,2,0,0,0,0,0,0,5,0,6,8,0,0,0,0,0,C7H17O2PS3,260.4,CCOP(=S)(OCC)SCSCC,3.6,260.01283030,101.0,156,0,0,5,8,13,0,0,0,0,0,0,0,1,191.1,8.09,3.04,1.83,1.0,0.0,0.0,0.0,0.0,0.0,1.0,0.8,8.0,10,2
4-Hydroxydiphenylamine,0.015,T,Oc1ccc(Nc2ccccc2)cc1,185.084063972,174.13799999999998,0,70,14,2,2,0,0,0,2,0,2,2,2,2,2,0,0,0,2,0,C12H11NO,185.22,C1=CC=C(C=C1)NC2=CC=C(C=C2)O,2.8,185.084063974,32.3,158,0,2,2,2,14,0,0,0,0,0,0,0,1,152.5,8.63,1.41,0.82,5.0,0.0,2.0,0.0,1.0,2.0,0.0,0.6,2.0,3,2
Malathion,0.003,T,CCOC(=O)CC(S[P](=S)(OC)OC)C(=O)OCC,330.036066958,311.21200000000005,0,112,19,0,6,0,0,0,0,0,0,8,0,9,9,0,0,0,0,0,C10H19O6PS2,330.4,CCOC(=O)CC(C(=O)OCC)SP(=S)(OC)OC,2.4,330.03606767,128.0,341,0,0,8,11,19,0,1,0,1,0,0,0,1,239.9,9.03,3.51,1.71,2.0,2.0,0.0,0.0,0.0,0.0,0.0,1.0,11.0,10,2
Phosalone,0.006999999999999999,T,CCO[P](=S)(OCC)SCN1C(=O)Oc2cc(Cl)ccc12,366.98686427,352.6960000000001,0,116,21,0,5,0,0,0,1,1,2,7,0,9,7,0,0,0,2,1,C12H15ClNO4PS2,367.8,CCOP(=S)(OCC)SCN1C2=C(C=C(C=C2)Cl)OC1=O,4.4,366.9868650,105.0,418,0,0,6,7,21,0,0,0,0,0,0,0,1,258.5,11.85,3.76,1.15,3.0,1.0,0.0,0.0,0.0,2.0,0.0,0.8,7.0,10,2
Parathion ethyl,0.003,T,CCO[P](=S)(OCC)Oc1ccc(cc1)[N+]([O-])=O,291.03303017799993,277.153,0,100,18,0,6,0,0,0,1,0,1,6,0,8,7,0,0,0,1,0,C10H14NO5PS,291.26,CCOP(=S)(OCC)OC1=CC=C(C=C1)[N+](=O)[O-],3.8,291.03303072,106.0,304,0,0,6,6,18,0,0,0,0,0,0,0,1,210.8,9.9,3.01,1.12,4.0,2.0,0.0,1.0,0.0,1.0,0.0,0.8,7.0,10,2
3-Hydroxycarbofuran,0.021,T,CNC(=O)Oc1cccc2C(O)C(C)(C)Oc12,237.10010796,222.13499999999996,0,92,17,2,5,0,1,1,1,0,1,4,2,5,1,0,0,0,2,0,C12H15NO4,237.25,CC1(C(C2=C(O1)C(=CC=C2)OC(=O)NC)O)C,1.2,237.10010796,67.8,305,0,2,4,2,17,0,1,0,1,0,0,0,1,178.9,6.0,2.93,0.99,8.0,3.0,2.0,0.0,0.0,2.0,1.0,0.6,3.6,10,2
Esfenvalerate,0.021,T,CC(C)[C@@H](C(=O)O[C@@H](C#N)c1cccc(Oc2ccccc2)c1)c3ccc(Cl)cc3,419.128821244,397.7320000000001,0,152,30,0,4,0,0,0,3,0,3,4,0,5,7,0,0,0,3,1,C25H22ClNO3,419.9,CC(C)C(C1=CC=C(C=C1)Cl)C(=O)OC(C#N)C2=CC(=CC=C2)OC3=CC=CC=C3,6.2,419.1288213,59.3,586,0,0,4,8,30,0,2,2,0,0,0,0,1,328.9,9.55,6.03,1.93,7.0,3.0,0.0,0.0,0.0,3.0,1.0,1.2,8.0,10,2
Phorate sulfone,0.002,T,CCO[P](=S)(OCC)SC[S](=O)(=O)CC,292.002658654,275.24800000000005,0,92,15,0,4,0,0,0,0,0,0,6,0,8,8,0,0,0,0,0,C7H17O4PS3,292.4,CCOP(=S)(OCC)SCS(=O)(=O)CC,3.7,292.00265954,118.0,299,0,0,6,8,15,0,0,0,0,0,0,0,1,205.3,7.97,3.53,1.54,2.0,2.0,0.0,0.0,0.0,0.0,0.0,0.8,8.0,10,2
Endosulfan II,0.003,T,ClC1=C(Cl)C2(Cl)C3CO[S](=O)OCC3C1(Cl)C2(Cl)Cl,403.816881132,400.8810000000001,0,108,19,0,3,2,1,3,0,0,0,3,0,10,0,1,1,2,3,6,C9H6Cl6O3S,406.9,C1C2C(COS(=O)O1)C3(C(=C(C2(C3(Cl)Cl)Cl)Cl)Cl)Cl,3.8,405.813931,54.7,470,0,0,4,0,19,0,4,0,4,0,0,0,1,236.1,4.23,2.44,2.09,3.0,1.0,0.0,0.0,0.0,2.0,0.0,0.6,1.0,6,2
Chlorpyrifos methyl,0.001,T,CO[P](=S)(OC)Oc1nc(Cl)c(Cl)cc1Cl,320.894983754,315.481,0,90,16,0,4,0,0,0,0,1,1,5,0,9,4,0,0,0,1,3,C7H7Cl3NO3PS,322.5,COP(=S)(OC)OC1=NC(=C(C=C1Cl)Cl)Cl,4.3,320.894984,72.7,278,0,0,5,4,16,0,0,0,0,0,0,0,1,205.1,7.0,3.02,1.1,1.0,0.0,0.0,0.0,0.0,1.0,0.0,0.6,4.0,10,2
Endosulfan sulfate,0.006999999999999999,T,ClC1=C(Cl)C2(Cl)C3CO[S](=O)(=O)OCC3C1(Cl)C2(Cl)Cl,419.81179575199997,416.8800000000001,0,114,20,0,4,2,1,3,0,0,0,4,0,11,0,1,1,2,3,6,C9H6Cl6O4S,422.9,C1C2C(COS(=O)(=O)O1)C3(C(=C(C2(C3(Cl)Cl)Cl)Cl)Cl)Cl,3.7,421.808846,61.0,568,0,0,4,0,20,0,4,0,4,0,0,0,1,243.4,4.56,2.38,2.12,4.0,2.0,0.0,0.0,0.0,2.0,0.0,0.6,1.0,6,2
Fenvalerate,0.016,T,CC(C)C(C(=O)OC(C#N)c1cccc(Oc2ccccc2)c1)c3ccc(Cl)cc3,419.128821244,397.7320000000001,0,152,30,0,4,0,0,0,3,0,3,4,0,5,7,0,0,0,3,1,C25H22ClNO3,419.9,CC(C)C(C1=CC=C(C=C1)Cl)C(=O)OC(C#N)C2=CC(=CC=C2)OC3=CC=CC=C3,6.2,419.1288213,59.3,586,0,0,4,8,30,0,2,0,2,0,0,0,1,329.4,7.43,6.17,2.09,7.0,3.0,0.0,0.0,0.0,3.0,1.0,1.2,8.0,10,2
Oxamyl,0.008,T,CNC(=O)O\N=C(SC)\C(=O)N(C)C,219.067762276,206.16199999999998,0,80,14,1,6,0,0,0,0,0,0,5,1,7,1,0,0,0,0,0,C7H13N3O3S,219.26,CNC(=O)ON=C(C(=O)N(C)C)SC,-0.5,219.06776246,96.3,253,0,1,5,4,14,0,0,0,0,1,1,0,1,164.4,7.6,2.02,1.08,5.0,3.0,1.0,0.0,0.0,0.0,1.0,0.6,6.0,10,2
1-Naphthol,0.055,T,Oc1cccc2ccccc12,144.057514876,136.10899999999998,0,54,11,1,1,0,0,0,2,0,2,1,1,1,0,0,0,0,2,0,C10H8O,144.17,C1=CC=C2C(=C1)C=CC=C2O,2.8,144.057514874,20.2,133,0,1,1,0,11,0,0,0,0,0,0,0,1,119.3,3.51,2.05,0.61,3.0,0.0,1.0,0.0,0.0,2.0,0.0,0.4,0.0,1,2
Tecnazene,0.01,T,[O-][N+](=O)c1c(Cl)c(Cl)cc(Cl)c1Cl,258.87613899200005,259.88300000000004,0,70,13,0,3,0,0,0,1,0,1,2,0,7,1,0,0,0,1,4,C6HCl4NO2,260.9,C1=C(C(=C(C(=C1Cl)Cl)[N+](=O)[O-])Cl)Cl,3.9,260.873189,45.8,195,0,0,2,0,13,0,0,0,0,0,0,0,1,157.0,3.73,3.48,0.61,4.0,2.0,0.0,1.0,0.0,1.0,0.0,0.4,1.0,1,2
Atrazine,0.002,T,CCNc1nc(Cl)nc(NC(C)C)n1,215.09377312799998,201.576,0,78,14,2,5,0,0,0,0,1,1,5,2,6,4,0,0,0,1,1,C8H14ClN5,215.68,CCNC1=NC(=NC(=N1)Cl)NC(C)C,2.6,215.0937732,62.7,166,0,2,5,4,14,0,0,0,0,0,0,0,1,157.7,5.3,4.27,0.75,6.0,0.0,2.0,0.0,2.0,1.0,1.0,0.6,4.0,10,2
Cypermethrin,0.06,T,CC1(C)C(C=C(Cl)Cl)C1C(=O)OC(C#N)c2cccc(Oc3ccccc3)c2,415.074198828,397.1520000000002,0,144,28,0,4,1,0,1,2,0,2,4,0,6,6,1,0,1,3,2,C22H19Cl2NO3,416.3,CC1(C(C1C(=O)OC(C#N)C2=CC(=CC=C2)OC3=CC=CC=C3)C=C(Cl)Cl)C,6.0,415.0741989,59.3,643,0,0,4,7,28,0,3,0,3,0,0,0,1,312.8,8.03,6.23,1.43,6.0,3.0,0.0,0.0,0.0,2.0,1.0,1.4,7.6,10,2
Fenamiphos sulfoxide,0.005,T,CCO[P](=O)(NC(C)C)Oc1ccc(c(C)c1)[S](C)=O,319.10071581399995,297.187,0,114,20,1,5,0,0,0,1,0,1,4,1,7,7,0,0,0,1,0,C13H22NO4PS,319.36,CCOP(=O)(NC(C)C)OC1=CC(=C(C=C1)S(=O)C)C,1.8,319.10071635,83.8,377,0,1,6,7,20,0,2,0,2,0,0,0,1,241.0,10.76,2.97,1.52,4.0,2.0,0.0,0.0,0.0,1.0,1.0,0.8,7.0,10,2
Triadimefon,0.002,T,CC(C)(C)C(=O)C(Oc1ccc(Cl)cc1)n2cncn2,293.093104432,277.626,0,106,20,0,5,0,0,0,1,1,2,5,0,6,4,0,0,0,2,1,C14H16ClN3O2,293.75,CC(C)(C)C(=O)C(N1C=NC=N1)OC2=CC=C(C=C2)Cl,2.8,293.0931045,57.0,338,0,0,4,5,20,0,1,0,1,0,0,0,1,223.4,8.34,3.09,1.24,7.0,2.0,0.0,0.0,2.0,2.0,1.0,0.8,5.0,10,2
Piperonyl butoxide,0.04,T,[O-]CCCCCc1ccc2OCOc2c1,207.10266791991,192.12899999999996,0,82,15,0,3,0,1,1,1,0,1,3,0,3,5,0,0,0,2,0,C12H15O3-,207.25,C1OC2=C(O1)C=C(C=C2)CCCCC[O-],3.8,207.102119336,41.5,184,-1,0,3,5,15,0,0,0,0,0,0,0,1,166.2,12.4,1.36,0.91,6.0,3.0,0.0,0.0,0.0,2.0,1.0,0.6,5.6,10,2
Diclofop methyl,0.006,T,COC(=O)C(C)Oc1ccc(Oc2ccc(Cl)cc2Cl)cc1,340.026914288,327.078,0,116,22,0,4,0,0,0,2,0,2,4,0,6,5,0,0,0,2,2,C16H14Cl2O4,341.2,CC(C(=O)OC)OC1=CC=C(C=C1)OC2=C(C=C(C=C2)Cl)Cl,4.8,340.0269143,44.8,358,0,0,4,6,22,0,1,0,1,0,0,0,1,248.3,13.84,2.89,1.59,5.0,3.0,0.0,0.0,0.0,2.0,0.0,0.8,6.0,10,2
Simazine,0.012,T,CCNc1nc(Cl)nc(NCC)n1,201.07812306399998,189.565,0,72,13,2,5,0,0,0,0,1,1,5,2,6,4,0,0,0,1,1,C7H12ClN5,201.66,CCNC1=NC(=NC(=N1)Cl)NCC,2.2,201.0781231,62.7,131,0,2,5,4,13,0,0,0,0,0,0,0,1,145.5,5.22,4.27,0.59,5.0,0.0,2.0,0.0,2.0,1.0,0.0,0.6,4.0,10,2
Aldicarb,0.021,T,CNC(=O)O\N=C\C(C)(C)SC,190.077598688,176.156,0,70,12,1,4,0,0,0,0,0,0,4,1,5,3,0,0,0,0,0,C7H14N2O2S,190.27,CC(C)(C=NOC(=O)NC)SC,1.1,190.07759887,76.0,180,0,1,4,4,12,0,0,0,0,1,1,0,1,148.6,7.87,1.49,1.08,5.0,2.0,1.0,0.0,0.0,0.0,2.0,0.6,5.0,10,2
Folpet,0.021,T,ClC(Cl)(Cl)SN1C(=O)c2ccccc2C1=O,294.90283240799994,292.53000000000003,0,84,16,0,3,0,1,1,1,0,1,3,0,7,1,0,0,0,2,3,C9H4Cl3NO2S,296.6,C1=CC=C2C(=C1)C(=O)N(C2=O)SC(Cl)(Cl)Cl,2.8,294.902833,62.7,307,0,0,3,1,16,0,0,0,0,0,0,0,1,189.5,7.06,1.96,1.13,4.0,2.0,0.0,0.0,0.0,2.0,0.0,0.6,2.2,1,2
Endosulfan I,0.002,T,ClC1=C(Cl)C2(Cl)C3CO[S](=O)OCC3C1(Cl)C2(Cl)Cl,403.816881132,400.8810000000001,0,108,19,0,3,2,1,3,0,0,0,3,0,10,0,1,1,2,3,6,C9H6Cl6O3S,406.9,C1C2C(COS(=O)O1)C3(C(=C(C2(C3(Cl)Cl)Cl)Cl)Cl)Cl,3.8,405.813931,54.7,470,0,0,4,0,19,0,4,0,4,0,0,0,1,236.1,4.23,2.44,2.09,3.0,1.0,0.0,0.0,0.0,2.0,0.0,0.6,1.0,6,2
Diazinon,0.003,T,CCO[P](=S)(OCC)Oc1cc(C)nc(n1)C(C)C,304.101050162,283.184,0,108,19,0,5,0,0,0,0,1,1,6,0,7,7,0,0,0,1,0,C12H21N2O3PS,304.35,CCOP(=S)(OCC)OC1=NC(=NC(=C1)C)C(C)C,3.8,304.10105071,85.6,307,0,0,6,7,19,0,0,0,0,0,0,0,1,232.1,7.61,3.87,1.52,3.0,0.0,0.0,0.0,1.0,1.0,1.0,0.8,7.0,10,2
Chlorpropham,0.008,T,CC(C)OC(=O)Nc1cccc(Cl)c1,213.055656304,201.56799999999998,0,76,14,1,3,0,0,0,1,0,1,2,1,4,2,0,0,0,1,1,C10H12ClNO2,213.66,CC(C)OC(=O)NC1=CC(=CC=C1)Cl,3.5,213.0556563,38.3,197,0,1,2,3,14,0,0,0,0,0,0,0,1,161.7,9.73,1.59,0.82,4.0,1.0,1.0,0.0,0.0,1.0,1.0,0.6,4.0,10,2
Phorate sulfoxide,0.004,T,CCO[P](=S)(OCC)SC[S](=O)CC,276.007744034,259.249,0,86,14,0,3,0,0,0,0,0,0,5,0,7,8,0,0,0,0,0,C7H17O3PS3,276.4,CCOP(=S)(OCC)SCS(=O)CC,3.5,276.00774492,112.0,212,0,0,6,8,14,0,1,0,1,0,0,0,1,198.7,7.73,3.52,1.59,1.0,1.0,0.0,0.0,0.0,0.0,0.0,0.8,8.0,10,2
DCPA,0.004,T,COC(=O)c1c(Cl)c(Cl)c(c(Cl)c1Cl)C(=O)OC,329.90201939199994,325.9180000000001,0,98,18,0,4,0,0,0,1,0,1,4,0,8,2,0,0,0,1,4,C10H6Cl4O4,332.0,COC(=O)C1=C(C(=C(C(=C1Cl)Cl)C(=O)OC)Cl)Cl,4.4,331.899069,52.6,290,0,0,4,4,18,0,0,0,0,0,0,0,1,212.8,7.16,2.8,1.02,3.0,2.0,0.0,0.0,0.0,1.0,0.0,0.6,4.0,2,2
Dimethoate,0.004,T,CNC(=O)CS[P](=S)(OC)OC,228.99962187399998,217.16699999999997,0,72,12,1,4,0,0,0,0,0,0,5,1,7,5,0,0,0,0,0,C5H12NO3PS2,229.3,CNC(=O)CSP(=S)(OC)OC,0.8,228.99962259,105.0,191,0,1,5,5,12,0,0,0,0,0,0,0,1,162.7,7.18,2.21,1.11,2.0,1.0,1.0,0.0,0.0,0.0,0.0,0.6,6.0,10,2
Iprodione,0.02,T,CC(C)NC(=O)N1CC(=O)N(C1=O)c2cc(Cl)cc(Cl)c2,329.033396636,317.06700000000006,0,112,21,1,6,0,1,1,1,0,1,3,1,8,2,0,1,1,2,2,C13H13Cl2N3O3,330.16,CC(C)NC(=O)N1CC(=O)N(C1=O)C2=CC(=CC(=C2)Cl)Cl,3.1,329.0333967,69.7,448,0,1,3,2,21,0,0,0,0,0,0,0,1,233.7,12.14,3.07,0.9,7.0,3.0,1.0,0.0,0.0,2.0,1.0,0.8,4.6,6,2
Azinphos methyl,0.02,T,CO[P](=S)(OC)SCN1N=Nc2ccccc2C1=O,317.005769874,305.23600000000005,0,102,19,0,6,0,0,0,1,1,2,8,0,9,5,0,0,0,2,0,C10H12N3O3PS2,317.3,COP(=S)(OC)SCN1C(=O)C2=CC=CC=C2N=N1,2.8,317.00577060,121.0,413,0,0,7,5,19,0,0,0,0,0,0,0,1,225.4,12.96,2.24,0.98,3.0,1.0,0.0,0.0,0.0,2.0,0.0,0.6,5.0,10,2
Dicloran,0.008,T,Nc1c(Cl)cc(cc1Cl)[N+]([O-])=O,205.964982728,202.98399999999998,0,64,12,2,4,0,0,0,1,0,1,3,1,6,1,0,0,0,1,2,C6H4Cl2N2O2,207.01,C1=C(C=C(C(=C1Cl)N)Cl)[N+](=O)[O-],2.9,205.9649828,71.8,173,0,1,3,0,12,0,0,0,0,0,0,0,1,136.0,4.13,2.73,0.59,6.0,2.0,1.0,1.0,1.0,1.0,0.0,0.4,1.0,1,2
Trifluralin,0.03,T,CCCN(CCC)c1c(cc(cc1[N+]([O-])=O)C(F)(F)F)[N+]([O-])=O,335.10929065199997,319.154,0,128,23,0,7,0,0,0,1,0,1,5,0,10,7,0,0,0,1,3,C13H16F3N3O4,335.28,CCCN(CCC)C1=C(C=C(C=C1[N+](=O)[O-])C(F)(F)F)[N+](=O)[O-],5.3,335.10929049,94.9,392,0,0,8,5,23,0,0,0,0,0,0,0,1,237.2,7.13,2.73,2.1,10.0,4.0,0.0,2.0,1.0,1.0,2.0,0.8,8.0,2,2
Captan,0.013999999999999999,T,ClC(Cl)(Cl)SN1C(=O)C2CC=CCC2C1=O,298.93413253599994,292.53000000000003,0,88,16,0,3,1,1,2,0,0,0,3,0,7,1,0,1,1,2,3,C9H8Cl3NO2S,300.6,C1C=CCC2C1C(=O)N(C2=O)SC(Cl)(Cl)Cl,2.4,298.934133,62.7,340,0,0,3,1,16,0,2,0,2,0,0,0,1,193.1,7.08,1.93,1.11,4.0,2.0,0.0,0.0,0.0,2.0,0.0,0.6,2.6,5,2
Omethoate,0.003,T,CNC(=O)CS[P](=O)(OC)OC,213.022465494,201.09899999999996,0,72,12,1,5,0,0,0,0,0,0,5,1,7,5,0,0,0,0,0,C5H12NO4PS,213.19,CNC(=O)CSP(=O)(OC)OC,-0.9,213.02246604,89.9,190,0,1,5,5,12,0,0,0,0,0,0,0,1,151.7,4.48,2.19,1.25,3.0,2.0,1.0,0.0,0.0,0.0,0.0,0.6,6.0,10,2
Carbaryl,0.004,T,CNC(=O)Oc1cccc2ccccc12,201.078978592,190.13699999999997,0,76,15,1,3,0,0,0,2,0,2,2,1,3,1,0,0,0,2,0,C12H11NO2,201.22,CNC(=O)OC1=CC=CC2=CC=CC=C21,2.4,201.078978594,38.3,230,0,1,2,2,15,0,0,0,0,0,0,0,1,159.1,5.87,2.57,0.82,4.0,1.0,1.0,0.0,0.0,2.0,0.0,0.6,3.0,10,2
Imazalil,0.03,T,Clc1ccc(C(Cn2ccnc2)OCC=C)c(Cl)c1,296.04831842799996,283.073,0,100,19,0,3,0,0,0,1,1,2,3,0,5,6,0,0,0,2,2,C14H14Cl2N2O,297.2,C=CCOC(CN1C=CN=C1)C2=C(C=C(C=C2)Cl)Cl,3.8,296.0483185,27.0,291,0,0,2,6,19,0,1,0,1,0,0,0,1,220.9,8.7,3.15,1.56,5.0,1.0,0.0,0.0,1.0,2.0,1.0,0.8,6.0,10,2
Propargite,0.02,T,CC(C)(C)c1ccc(OC2CCCCC2O[S](=O)OCC#C)cc1,350.15518031199997,324.2720000000001,0,132,24,0,4,1,0,1,1,0,1,4,0,5,6,1,0,1,2,0,C19H26O4S,350.5,CC(C)(C)C1=CC=C(C=C1)OC2CCCCC2OS(=O)OCC#C,5.0,350.15518048,64.0,454,0,0,5,7,24,0,3,0,3,0,0,0,1,278.5,13.08,4.45,1.56,6.0,2.0,0.0,0.0,0.0,2.0,2.0,1.0,8.2,10,2
Methomyl,0.009000000000000001,T,CNC(=O)O\N=C(/C)SC,162.04629856,152.134,0,58,10,1,4,0,0,0,0,0,0,4,1,5,1,0,0,0,0,0,C5H10N2O2S,162.21,CC(=NOC(=O)NC)SC,0.6,162.04629874,76.0,147,0,1,4,3,10,0,0,0,0,1,1,0,1,123.2,5.92,1.74,0.76,4.0,2.0,1.0,0.0,0.0,0.0,1.0,0.6,4.0,10,2
Parathion methyl,0.003,T,CO[P](=S)(OC)Oc1ccc(cc1)[N+]([O-])=O,263.00173005,253.13099999999994,0,88,16,0,6,0,0,0,1,0,1,6,0,8,5,0,0,0,1,0,C8H10NO5PS,263.21,COP(=S)(OC)OC1=CC=C(C=C1)[N+](=O)[O-],2.9,263.00173059,106.0,279,0,0,6,4,16,0,0,0,0,0,0,0,1,185.2,8.86,2.01,1.04,4.0,2.0,0.0,1.0,0.0,1.0,0.0,0.6,5.0,10,2
Benomyl,0.05,T,CCCCNC(=O)n1c(NC(=O)OC)nc2ccccc12,290.13789043599996,272.179,0,112,21,2,7,0,0,0,1,1,2,5,2,7,4,0,0,0,2,0,C14H18N4O3,290.32,CCCCNC(=O)N1C2=CC=CC=C2N=C1NC(=O)OC,2.1,290.13789045,85.2,377,0,2,4,5,21,0,0,0,0,0,0,0,1,224.3,9.02,5.04,0.78,7.0,2.0,2.0,0.0,0.0,2.0,1.0,0.8,8.0,10,2
"2,4-D",0.006,T,OC(=O)COc1ccc(Cl)cc1Cl,219.96939941199997,214.99099999999996,0,70,13,1,3,0,0,0,1,0,1,2,1,5,3,0,0,0,1,2,C8H6Cl2O3,221.03,C1=CC(=C(C=C1Cl)Cl)OCC(=O)O,2.8,219.9693994,46.5,186,0,1,3,3,13,0,0,0,0,0,0,0,1,151.2,7.18,1.83,0.76,5.0,3.0,0.0,1.0,0.0,1.0,0.0,0.6,3.0,10,2
Chlorothalonil,0.008,T,Clc1c(Cl)c(C#N)c(Cl)c(C#N)c1Cl,263.88155872,265.914,0,70,14,0,2,0,0,0,1,0,1,2,0,6,0,0,0,0,1,4,C8Cl4N2,265.9,C(#N)C1=C(C(=C(C(=C1Cl)Cl)Cl)C#N)Cl,2.9,265.878609,47.6,284,0,0,2,0,14,0,0,0,0,0,0,0,1,162.4,4.37,3.66,0.62,3.0,2.0,0.0,0.0,0.0,1.0,0.0,0.4,0.0,1,2
Phosmet,0.01,T,CO[P](=S)(OC)SCN1C(=O)c2ccccc2C1=O,316.994536494,305.232,0,102,19,0,5,0,1,1,1,0,1,6,0,8,5,0,0,0,2,0,C11H12NO4PS2,317.3,COP(=S)(OC)SCN1C(=O)C2=CC=CC=C2C1=O,2.8,316.99453721,113.0,399,0,0,6,5,19,0,0,0,0,0,0,0,1,227.0,12.05,2.35,0.98,4.0,2.0,0.0,0.0,0.0,2.0,0.0,0.8,5.2,10,2
Acephate,0.005,T,CO[P](=O)(NC(C)=O)SC,183.01190081,173.089,0,60,10,1,4,0,0,0,0,0,0,4,1,6,3,0,0,0,0,0,C4H10NO3PS,183.17,CC(=O)NP(=O)(OC)SC,-0.8,183.01190135,80.7,172,0,1,4,3,10,0,1,0,1,0,0,0,1,130.8,4.92,1.56,1.18,2.0,1.0,1.0,0.0,0.0,0.0,0.0,0.6,4.0,10,2
Chlorpyrifos,0.003,T,CCO[P](=S)(OCC)Oc1nc(Cl)c(Cl)cc1Cl,348.926283882,339.50300000000004,0,102,18,0,4,0,0,0,0,1,1,5,0,9,6,0,0,0,1,3,C9H11Cl3NO3PS,350.6,CCOP(=S)(OCC)OC1=NC(=C(C=C1Cl)Cl)Cl,5.3,348.926284,72.7,303,0,0,5,6,18,0,0,0,0,0,0,0,1,230.7,7.99,3.63,1.33,1.0,0.0,0.0,0.0,0.0,1.0,0.0,0.8,6.0,10,2
Phosphamidon,0.002,T,CCN(CC)C(=O)\C(Cl)=C(/C)O[P](=O)(OC)OC,299.068937018,280.539,0,106,18,0,6,0,0,0,0,0,0,5,0,8,7,0,0,0,0,1,C10H19ClNO5P,299.69,CCN(CC)C(=O)C(=C(C)OP(=O)(OC)OC)Cl,1.3,299.0689374,65.1,359,0,0,5,7,18,0,0,0,0,1,1,0,1,217.8,7.89,2.02,1.74,2.0,2.0,0.0,0.0,0.0,0.0,0.0,0.8,8.0,10,2
Ethion,0.006,T,CCO[P](=S)(OCC)SCS[P](=S)(OCC)OCC,383.9876164439999,362.31100000000015,0,116,19,0,4,0,0,0,0,0,0,8,0,10,12,0,0,0,0,0,C9H22O4P2S4,384.5,CCOP(=S)(OCC)SCSP(=S)(OCC)OCC,5.1,383.98761787,152.0,279,0,0,8,12,19,0,0,0,0,0,0,0,1,272.4,9.91,4.78,1.71,0.0,0.0,0.0,0.0,0.0,0.0,0.0,1.0,12.0,10,2
Methidathion,0.006,T,COC1=NN(CS[P](=S)(OC)OC)C(=O)S1,301.96185646200007,291.251,0,92,16,0,6,0,0,0,0,1,1,9,0,10,6,0,0,0,1,0,C6H11N2O4PS3,302.3,COC1=NN(C(=O)S1)CSP(=S)(OC)OC,2.4,301.96185735,143.0,343,0,0,8,6,16,0,0,0,0,0,0,0,1,205.3,9.57,2.88,0.99,1.0,0.0,0.0,0.0,0.0,1.0,0.0,0.8,6.0,10,2
Linuron,0.003,T,CON(C)C(=O)Nc1ccc(Cl)c(Cl)c1,248.01193292,239.01699999999997,0,82,15,1,4,0,0,0,1,0,1,2,1,6,2,0,0,0,1,2,C9H10Cl2N2O2,249.09,CN(C(=O)NC1=CC(=C(C=C1)Cl)Cl)OC,3.2,248.0119330,41.6,228,0,1,2,2,15,0,0,0,0,0,0,0,1,175.3,9.23,2.06,0.68,3.0,1.0,1.0,0.0,0.0,1.0,0.0,0.6,4.0,10,2
Vinclozolin,0.005,T,CC1(OC(=O)N(C1=O)c2cc(Cl)cc(Cl)c2)C=C,284.995948508,277.04200000000003,0,94,18,0,4,0,1,1,1,0,1,3,0,6,2,0,1,1,2,2,C12H9Cl2NO3,286.11,CC1(C(=O)N(C(=O)O1)C2=CC(=CC(=C2)Cl)Cl)C=C,3.1,284.9959485,46.6,391,0,0,3,2,18,0,1,0,1,0,0,0,1,202.0,8.19,2.53,1.05,5.0,2.0,0.0,0.0,0.0,2.0,1.0,0.6,2.6,6,2
Myclobutanil,0.02,T,CCCCC(Cn1cncn1)(C#N)c2ccc(Cl)cc2,288.114174224,271.646,0,104,20,0,4,0,0,0,1,1,2,4,0,5,6,0,0,0,2,1,C15H17ClN4,288.77,CCCCC(CN1C=NC=N1)(C#N)C2=CC=C(C=C2)Cl,2.9,288.1141743,54.5,345,0,0,3,6,20,0,1,0,1,0,0,0,1,224.6,5.16,4.39,2.25,7.0,1.0,0.0,0.0,2.0,2.0,2.0,0.8,6.0,10,2
Metolachlor,0.001,T,CCc1cccc(C)c1N(C(C)COC)C(=O)CCl,283.13390662399996,261.62299999999993,0,106,19,0,3,0,0,0,1,0,1,2,0,4,6,0,0,0,1,1,C15H22ClNO2,283.79,CCC1=CC=CC(=C1N(C(C)COC)C(=O)CCl)C,3.1,283.1339066,29.5,285,0,0,2,6,19,0,1,0,1,0,0,0,1,224.5,5.44,3.1,2.08,4.0,2.0,0.0,0.0,0.0,1.0,1.0,0.8,7.0,10,2
Difenoconazole,0.004,T,CC1COC(Cn2cncn2)(O1)c3ccc(Oc4ccc(Cl)cc4)cc3Cl,405.064696764,389.13300000000004,0,140,27,0,6,0,1,1,2,1,3,6,0,8,5,0,1,1,4,2,C19H17Cl2N3O3,406.3,CC1COC(O1)(CN2C=NC=N2)C3=C(C=C(C=C3)OC4=CC=C(C=C4)Cl)Cl,4.0,405.0646968,58.4,495,0,0,5,5,27,0,2,0,2,0,0,0,1,293.6,12.59,3.39,1.75,9.0,3.0,0.0,0.0,2.0,4.0,0.0,0.8,6.0,10,2
Anilazine,0.042,T,Clc1nc(Cl)nc(Nc2ccccc2Cl)n1,273.9579792,270.486,0,82,16,1,4,0,0,0,1,1,2,4,1,7,2,0,0,0,2,3,C9H5Cl3N4,275.5,C1=CC=C(C(=C1)NC2=NC(=NC(=N2)Cl)Cl)Cl,3.0,273.957979,50.7,221,0,1,4,2,16,0,0,0,0,0,0,0,1,176.7,8.55,2.7,0.73,4.0,0.0,1.0,0.0,1.0,2.0,0.0,0.6,2.0,8,2
Bifenthrin,0.003,T,Cc1c(COC(=O)C2C(\C=C(/Cl)C(F)(F)F)C2(C)C)cccc1c3ccccc3,422.126042284,400.69800000000026,0,154,29,0,2,1,0,1,2,0,2,2,0,6,5,1,0,1,3,4,C23H22ClF3O2,422.9,CC1=C(C=CC=C1C2=CC=CC=C2)COC(=O)C3C(C3(C)C)C=C(C(F)(F)F)Cl,6.0,422.1260421,26.3,622,0,0,5,6,29,0,2,0,2,1,1,0,1,318.3,22.6,2.9,1.38,4.0,1.0,0.0,0.0,0.0,2.0,1.0,1.0,7.6,10,2
Quinoxyfen,0.0005,T,Fc1ccc(Oc2ccnc3cc(Cl)cc(Cl)c23)cc1,306.996697456,300.075,0,100,20,0,2,0,0,0,2,1,3,2,0,5,2,0,0,0,3,3,C15H8Cl2FNO,308.1,C1=CC(=CC=C1OC2=C3C(=CC(=CC3=NC=C2)Cl)Cl)F,5.1,306.9966974,22.1,325,0,0,3,2,20,0,0,0,0,0,0,0,1,218.1,9.65,2.24,1.25,5.0,2.0,0.0,0.0,0.0,3.0,0.0,0.6,2.0,5,2
Fenhexamid,0.019,T,CC1(CCCCC1)C(=O)Nc2ccc(O)c(Cl)c2Cl,301.06363414400005,285.06499999999994,0,104,19,2,3,1,0,1,1,0,1,2,2,5,2,1,0,1,2,2,C14H17Cl2NO2,302.2,CC1(CCCCC1)C(=O)NC2=C(C(=C(C=C2)O)Cl)Cl,4.4,301.0636342,49.3,331,0,2,2,2,19,0,0,0,0,0,0,0,1,218.8,9.92,2.05,1.27,5.0,1.0,2.0,0.0,0.0,2.0,0.0,0.6,4.2,10,2
Sulfentrazone,0.002,T,CC1=NN(C(=O)N1C(F)F)c2cc(N[S](C)(=O)=O)c(Cl)cc2Cl,385.98187298,377.115,0,126,23,1,7,0,0,0,1,1,2,6,1,12,4,0,0,0,2,4,C11H10Cl2F2N4O3S,387.2,CC1=NN(C(=O)N1C(F)F)C2=C(C=C(C(=C2)NS(=O)(=O)C)Cl)Cl,2.3,385.9818731,90.5,613,0,1,7,4,23,0,0,0,0,0,0,0,1,251.8,10.38,3.34,1.11,6.0,3.0,1.0,0.0,0.0,2.0,0.0,0.8,4.0,10,2
Buprofezin,0.015,T,CC(C)N1C(=O)N(CSC1=NC(C)(C)C)c2ccccc2,305.156183356,282.26300000000003,0,114,21,0,4,0,1,1,1,0,1,3,0,5,2,0,1,1,2,0,C16H23N3OS,305.4,CC(C)N1C(=NC(C)(C)C)SCN(C1=O)C2=CC=CC=C2,3.8,305.15618354,61.2,408,0,0,3,3,21,0,0,0,0,0,0,0,1,241.5,10.1,2.76,1.11,5.0,1.0,0.0,0.0,0.0,2.0,2.0,0.6,3.8,4,2
Pyraclostrobin,0.001,T,CON(C(=O)OC)c1ccccc1COc2ccn(n2)c3ccc(Cl)cc3,387.098583736,369.6790000000001,0,140,27,0,7,0,0,0,2,1,3,6,0,8,6,0,0,0,3,1,C19H18ClN3O4,387.8,COC(=O)N(C1=CC=CC=C1COC2=NN(C=C2)C3=CC=C(C=C3)Cl)OC,4.1,387.0985838,65.8,476,0,0,5,7,27,0,0,0,0,0,0,0,1,289.5,18.53,3.14,1.48,4.0,1.0,0.0,0.0,0.0,3.0,0.0,1.0,8.0,10,2
Methoxyfenozide,0.001,T,COc1cccc(C(=O)NN(C(=O)c2cc(C)cc(C)c2)C(C)(C)C)c1C,368.209992756,340.2530000000001,0,144,27,1,5,0,0,0,2,0,2,3,1,5,3,0,0,0,2,0,C22H28N2O3,368.5,CC1=CC(=CC(=C1)C(=O)N(C(C)(C)C)NC(=O)C2=C(C(=CC=C2)OC)C)C,4.6,368.20999276,58.6,518,0,1,3,4,27,0,0,0,0,0,0,0,1,298.0,8.07,5.02,2.01,7.0,3.0,1.0,0.0,0.0,2.0,1.0,0.8,7.0,10,2
Dimethomorph,0.05,T,COc1ccc(cc1OC)C(=C\C(=O)N2CCOCC2)/c3ccc(Cl)cc3,387.12373586399997,365.6870000000001,0,142,27,0,5,0,1,1,2,0,2,4,0,6,5,0,1,1,3,1,C21H22ClNO4,387.9,COC1=C(C=C(C=C1)C(=CC(=O)N2CCOCC2)C3=CC=C(C=C3)Cl)OC,3.9,387.1237359,48.0,512,0,0,4,5,27,0,0,0,0,1,1,0,1,297.7,9.08,5.51,1.86,7.0,4.0,0.0,0.0,0.0,3.0,0.0,0.8,7.2,10,2
Acetamiprid,0.001,T,CN(Cc1ccc(Cl)nc1)C(C)=NC#N,222.06722403199998,211.59099999999998,0,78,15,0,4,0,0,0,0,1,1,3,0,5,2,0,0,0,1,1,C10H11ClN4,222.67,CC(=NC#N)N(C)CC1=CN=C(C=C1)Cl,1.4,222.0672241,52.3,280,0,0,3,3,15,0,0,0,0,0,0,0,1,170.1,7.48,2.35,1.03,5.0,2.0,0.0,0.0,2.0,1.0,0.0,0.6,3.0,10,2
Pyrimethanil,0.0025,T,Cc1cc(C)nc(Nc2ccccc2)n1,199.110947416,186.153,0,76,15,1,3,0,0,0,1,1,2,3,1,3,2,0,0,0,2,0,C12H13N3,199.25,CC1=CC(=NC(=N1)NC2=CC=CC=C2)C,2.9,199.110947427,37.8,179,0,1,3,2,15,0,0,0,0,0,0,0,1,161.2,8.38,2.12,0.69,5.0,1.0,1.0,0.0,1.0,2.0,0.0,0.6,2.0,3,2
Etridiazole,0.01,T,CCOc1snc(n1)C(Cl)(Cl)Cl,245.91881682,242.494,0,68,12,0,3,0,0,0,0,1,1,4,0,7,2,0,0,0,1,3,C5H5Cl3N2OS,247.5,CCOC1=NC(=NS1)C(Cl)(Cl)Cl,2.5,245.918817,63.2,154,0,0,4,2,12,0,0,0,0,0,0,0,1,155.0,6.29,2.02,1.01,2.0,0.0,0.0,0.0,1.0,1.0,0.0,0.6,3.0,10,2
Phenmedipham,0.0972,T,COC(=O)Nc1cccc(OC(=O)Nc2cccc(C)c2)c1,300.111006992,284.18600000000004,0,114,22,2,6,0,0,0,2,0,2,4,2,6,3,0,0,0,2,0,C16H16N2O4,300.31,CC1=CC(=CC=C1)NC(=O)OC2=CC=CC(=C2)NC(=O)OC,3.6,300.11100700,76.7,388,0,2,4,5,22,0,0,0,0,0,0,0,1,232.5,16.15,3.07,1.16,6.0,2.0,2.0,0.0,0.0,2.0,0.0,0.8,7.0,10,2
Prallethrin,0.05,T,CC(C)=C[C@H]1[C@H](C(=O)OC2CC(=O)C(=C2C)CC#C)C1(C)C,300.17254462799997,276.20599999999996,0,118,22,0,3,2,0,2,0,0,0,3,0,3,4,1,0,1,2,0,C19H24O3,300.4,CC1=C(C(=O)CC1OC(=O)C2C(C2(C)C)C=C(C)C)CC#C,4.3,300.17254462,43.4,620,0,0,3,5,22,0,3,2,1,0,0,0,1,253.0,16.1,1.58,1.3,6.0,2.0,0.0,0.0,0.0,1.0,3.0,0.8,6.0,10,2
Pyridalyl,0.005,T,FC(F)(F)c1ccc(OCCCOc2c(Cl)cc(OCC=C(Cl)Cl)cc2Cl)nc1,488.967988688,477.00800000000015,0,158,29,0,4,0,0,0,1,1,2,4,0,11,9,0,0,0,2,7,C18H14Cl4F3NO3,491.1,C1=CC(=NC=C1C(F)(F)F)OCCCOC2=C(C=C(C=C2Cl)OCC=C(Cl)Cl)Cl,7.1,490.965038,40.6,511,0,0,7,9,29,0,0,0,0,0,0,0,1,330.3,23.03,4.44,1.47,4.0,2.0,0.0,0.0,0.0,2.0,0.0,1.2,10.0,10,2
Dimethenamid,0.001,T,COCC(C)N(C(=O)CCl)c1c(C)scc1C,275.074677496,257.657,0,96,17,0,3,0,0,0,0,1,1,3,0,5,5,0,0,0,1,1,C12H18ClNO2S,275.80,CC1=CSC(=C1N(C(C)COC)C(=O)CCl)C,2.6,275.0746777,57.8,265,0,0,3,5,17,0,1,0,1,0,0,0,1,208.5,4.75,3.34,1.85,3.0,2.0,0.0,0.0,0.0,1.0,0.0,0.8,6.0,10,2
Methoprene,0.013000000000000001,T,COC(C)(C)CCCC(C)C\C=C\C(C)=C\C(=O)OC(C)C,310.25079494799996,276.20599999999996,0,128,22,0,3,0,0,0,0,0,0,3,0,3,10,0,0,0,0,0,C19H34O3,310.5,CC(C)OC(=O)C=C(C)C=CCC(C)CCCC(C)(C)OC,5.5,310.25079494,35.5,378,0,0,3,11,22,0,1,0,1,2,2,0,1,268.8,15.59,5.18,1.1,8.0,2.0,0.0,0.0,0.0,0.0,6.0,1.2,11.0,10,2
Alachlor,0.001,T,CCc1cccc(CC)c1N(COC)C(=O)CCl,269.11825656,249.61199999999994,0,100,18,0,3,0,0,0,1,0,1,2,0,4,6,0,0,0,1,1,C14H20ClNO2,269.77,CCC1=C(C(=CC=C1)CC)N(COC)C(=O)CCl,3.5,269.1182566,29.5,248,0,0,2,6,18,0,0,0,0,0,0,0,1,212.5,4.03,3.19,2.45,5.0,2.0,0.0,0.0,0.0,1.0,2.0,0.8,7.0,10,2
Fluridone,0.003,T,CN1C=C(c2ccccc2)C(=O)C(=C1)c3cccc(c3)C(F)(F)F,329.102748728,315.2089999999999,0,122,24,0,2,0,0,0,2,1,3,2,0,5,2,0,0,0,3,3,C19H14F3NO,329.3,CN1C=C(C(=O)C(=C1)C2=CC(=CC=C2)C(F)(F)F)C3=CC=CC=C3,3.2,329.10274856,20.3,543,0,0,5,2,24,0,0,0,0,0,0,0,1,251.4,12.67,2.78,1.67,5.0,1.0,0.0,0.0,1.0,3.0,0.0,0.6,3.0,10,2
Pymetrozine,0.0045,T,CC1=NNC(=O)N(C1)\N=C\c2cccnc2,217.096359972,206.14399999999998,0,82,16,1,6,0,1,1,0,1,1,4,1,6,2,0,0,0,2,0,C10H11N5O,217.23,CC1=NNC(=O)N(C1)N=CC2=CN=CC=C2,0.0,217.09635999,70.0,325,0,1,4,2,16,0,0,0,0,1,1,0,1,166.0,9.98,1.62,1.05,7.0,4.0,1.0,0.0,0.0,2.0,0.0,0.6,2.6,10,2
Cycloate,0.002,T,CCSC(=O)N(CC)C1CCCCC1,215.134385292,194.19399999999996,0,82,14,0,2,1,0,1,0,0,0,2,0,3,3,1,0,1,1,0,C11H21NOS,215.36,CCN(C1CCCCC1)C(=O)SCC,4.1,215.13438547,45.6,178,0,0,2,4,14,0,0,0,0,0,0,0,1,175.8,7.33,2.18,1.13,2.0,0.0,0.0,0.0,0.0,1.0,1.0,0.8,6.2,10,2
Propanil,0.005,T,CCC(=O)Nc1ccc(Cl)c(Cl)c1,217.006119268,209.011,0,70,13,1,2,0,0,0,1,0,1,1,1,4,2,0,0,0,1,2,C9H9Cl2NO,218.08,CCC(=O)NC1=CC(=C(C=C1)Cl)Cl,3.1,217.0061193,29.1,187,0,1,1,2,13,0,0,0,0,0,0,0,1,157.0,8.63,1.72,0.61,4.0,1.0,1.0,0.0,0.0,1.0,1.0,0.6,3.0,6,2
Acetochlor,0.003,T,CCOCN(C(=O)CCl)c1c(C)cccc1CC,269.11825656,249.61199999999994,0,100,18,0,3,0,0,0,1,0,1,2,0,4,6,0,0,0,1,1,C14H20ClNO2,269.77,CCC1=CC=CC(=C1N(COCC)C(=O)CCl)C,3.2,269.1182566,29.5,260,0,0,2,6,18,0,0,0,0,0,0,0,1,212.9,5.28,3.07,2.28,4.0,2.0,0.0,0.0,0.0,1.0,1.0,0.8,7.0,10,2
Flonicamid,0.04,T,FC(F)(F)c1ccncc1C(=O)NCC#N,229.046296472,223.113,0,84,16,1,4,0,0,0,0,1,1,3,1,7,2,0,0,0,1,3,C9H6F3N3O,229.16,C1=CN=CC(=C1C(F)(F)F)C(=O)NCC#N,0.8,229.04629631,65.8,307,0,1,6,2,16,0,0,0,0,0,0,0,1,159.9,5.57,2.36,0.92,5.0,3.0,1.0,0.0,0.0,1.0,0.0,0.6,4.0,10,2
Ethephon,0.005,T,O[P](O)(=O)CCCl,143.974308362,138.446,0,44,7,2,3,0,0,0,0,0,0,1,2,5,2,0,0,0,0,1,C2H6ClO3P,144.49,C(CCl)P(=O)(O)O,-1.0,143.9743087,57.5,86,0,2,3,2,7,0,0,0,0,0,0,0,1,92.9,3.91,1.04,0.97,4.0,3.0,0.0,1.0,0.0,0.0,0.0,0.4,2.0,3,2
Triflumizole,0.05,T,CCCOCC(=Nc1ccc(Cl)cc1C(F)(F)F)n2ccnc2,345.0855744400001,330.63200000000006,0,124,23,0,4,0,0,0,1,1,2,4,0,8,5,0,0,0,2,4,C15H15ClF3N3O,345.75,CCCOCC(=NC1=C(C=C(C=C1)Cl)C(F)(F)F)N2C=CN=C2,4.0,345.0855743,39.4,406,0,0,6,6,23,0,0,0,0,0,0,0,1,248.3,7.53,5.16,1.43,6.0,1.0,0.0,0.0,2.0,2.0,1.0,0.8,7.0,10,2
5-Hydroxythiabendazole,0.001,T,Oc1ccc2nc([nH]c2c1)c3cscn3,217.030982844,210.197,0,74,15,2,4,0,0,0,1,2,3,4,2,5,1,0,0,0,3,0,C10H7N3OS,217.25,C1=CC2=C(C=C1O)NC(=N2)C3=CSC=N3,2.1,217.03098303,90.0,241,0,2,4,1,15,0,0,0,0,0,0,0,1,160.3,9.44,1.49,0.6,7.0,1.0,2.0,0.0,1.0,3.0,0.0,0.4,1.0,4,2
Trifloxystrobin,0.001,T,CO\N=C(C(=O)OC)/c1ccccc1CO\N=C(/C)c2cccc(c2)C(F)(F)F,408.129691748,389.22400000000005,0,154,29,0,6,0,0,0,2,0,2,6,0,9,7,0,0,0,2,3,C20H19F3N2O4,408.4,CC(=NOCC1=CC=CC=C1C(=NOC)C(=O)OC)C2=CC(=CC=C2)C(F)(F)F,4.9,408.12969158,69.5,607,0,0,9,8,29,0,0,0,0,2,2,0,1,304.6,6.97,3.98,2.35,5.0,3.0,0.0,0.0,0.0,2.0,0.0,1.2,9.0,10,2
Bifenazate,0.02,T,COc1ccc(cc1NNC(=O)OC(C)C)c2ccccc2,300.1473925,280.198,0,116,22,2,5,0,0,0,2,0,2,4,2,5,5,0,0,0,2,0,C17H20N2O3,300.35,CC(C)OC(=O)NNC1=C(C=CC(=C1)C2=CC=CC=C2)OC,4.2,300.14739250,59.6,343,0,2,4,6,22,0,0,0,0,0,0,0,1,239.7,7.53,6.24,1.08,7.0,2.0,2.0,0.0,0.0,2.0,1.0,0.8,7.0,10,2
Oxadixyl,0.002,T,COCC(=O)N(N1CCOC1=O)c2c(C)cccc2C,278.126657056,260.164,0,108,20,0,6,0,1,1,1,0,1,4,0,6,4,0,1,1,2,0,C14H18N2O4,278.30,CC1=C(C(=CC=C1)C)N(C(=O)COC)N2CCOC2=O,1.8,278.12665706,59.1,364,0,0,4,3,20,0,0,0,0,0,0,0,1,213.9,5.7,2.73,1.97,5.0,3.0,0.0,0.0,0.0,2.0,0.0,0.8,5.8,10,2
Cyfluthrin,0.05,T,CC1(C)C(C=C(Cl)Cl)C1C(=O)OC(C#N)c2ccc(F)c(Oc3ccccc3)c2,433.064777016,416.1500000000002,0,150,29,0,4,1,0,1,2,0,2,4,0,7,6,1,0,1,3,3,C22H18Cl2FNO3,434.3,CC1(C(C1C(=O)OC(C#N)C2=CC(=C(C=C2)F)OC3=CC=CC=C3)C=C(Cl)Cl)C,6.2,433.0647770,59.3,679,0,0,5,7,29,0,3,0,3,0,0,0,1,322.2,8.61,6.58,1.37,6.0,3.0,0.0,0.0,0.0,2.0,1.0,1.4,7.6,10,2
Tetradifon,0.019,T,Clc1ccc(cc1)[S](=O)(=O)c2cc(Cl)c(Cl)cc2Cl,353.884261152,350.009,0,100,19,0,2,0,0,0,2,0,2,2,0,7,2,0,0,0,2,4,C12H6Cl4O2S,356.0,C1=CC(=CC=C1S(=O)(=O)C2=CC(=C(C=C2Cl)Cl)Cl)Cl,5.1,355.881311,42.5,400,0,0,2,2,19,0,0,0,0,0,0,0,1,230.6,8.95,2.39,1.81,4.0,2.0,0.0,0.0,0.0,2.0,0.0,0.6,2.0,2,2
Norflurazon desmethyl,0.006,T,NC1=C(Cl)C(=O)N(N=C1)c2cccc(c2)C(F)(F)F,289.022974184,282.58799999999997,0,100,19,2,4,0,0,0,1,1,2,4,1,8,1,0,0,0,2,4,C11H7ClF3N3O,289.64,C1=CC(=CC(=C1)N2C(=O)C(=C(C=N2)N)Cl)C(F)(F)F,1.6,289.0229740,58.7,447,0,1,6,1,19,0,0,0,0,0,0,0,1,195.0,9.17,2.45,0.8,6.0,2.0,1.0,0.0,1.0,2.0,0.0,0.6,2.0,6,2
Propiconazole,0.015,T,CCCC1COC(Cn2cncn2)(O1)c3ccc(Cl)cc3Cl,341.06978214400004,325.09000000000003,0,118,22,0,5,0,1,1,1,1,2,5,0,7,5,0,1,1,3,2,C15H17Cl2N3O2,342.2,CCCC1COC(O1)(CN2C=NC=N2)C3=C(C=C(C=C3)Cl)Cl,3.5,341.0697822,49.2,377,0,0,4,5,22,0,2,0,2,0,0,0,1,246.8,8.39,3.62,1.45,8.0,2.0,0.0,0.0,2.0,3.0,1.0,0.8,6.0,10,2
Fenbuconazole,0.016,T,Clc1ccc(CCC(Cn2cncn2)(C#N)c3ccccc3)cc1,336.114174224,319.6900000000001,0,120,24,0,4,0,0,0,2,1,3,4,0,5,6,0,0,0,3,1,C19H17ClN4,336.8,C1=CC=C(C=C1)C(CCC2=CC=C(C=C2)Cl)(CN3C=NC=N3)C#N,3.2,336.1141743,54.5,434,0,0,3,6,24,0,1,0,1,0,0,0,1,262.7,12.83,3.19,1.42,6.0,1.0,0.0,0.0,2.0,3.0,0.0,0.8,6.0,10,2
Tebuconazole,0.02,T,CC(C)(C)C(O)(CCc1ccc(Cl)cc1)Cn2cncn2,307.14514000400004,285.649,0,114,21,1,4,0,0,0,1,1,2,4,1,5,5,0,0,0,2,1,C16H22ClN3O,307.82,CC(C)(C)C(CCC1=CC=C(C=C1)Cl)(CN2C=NC=N2)O,3.7,307.1451400,50.9,326,0,1,3,6,21,0,1,0,1,0,0,0,1,240.9,9.4,4.17,1.0,7.0,1.0,1.0,0.0,2.0,2.0,1.0,0.8,6.0,10,2
Pendimethalin,0.005,T,CCC(CC)Nc1c(cc(C)c(C)c1[N+]([O-])=O)[N+]([O-])=O,281.137556088,262.15999999999997,0,110,20,1,7,0,0,0,1,0,1,5,1,7,6,0,0,0,1,0,C13H19N3O4,281.31,CCC(CC)NC1=C(C=C(C(=C1[N+](=O)[O-])C)C)[N+](=O)[O-],5.2,281.13755610,104.0,349,0,1,5,4,20,0,0,0,0,0,0,0,1,213.5,6.04,3.1,1.35,11.0,4.0,1.0,2.0,1.0,1.0,2.0,0.8,6.0,2,2
Pyridaben,0.025,T,CC(C)(C)N1N=CC(=C(Cl)C1=O)SCc2ccc(cc2)C(C)(C)C,364.1376121,339.74200000000013,0,130,24,0,3,0,0,0,1,1,2,4,0,5,3,0,0,0,2,1,C19H25ClN2OS,364.9,CC(C)(C)C1=CC=C(C=C1)CSC2=C(C(=O)N(N=C2)C(C)(C)C)Cl,5.2,364.1376123,58.0,535,0,0,3,5,24,0,0,0,0,0,0,0,1,286.0,21.87,1.91,1.06,6.0,2.0,0.0,0.0,0.0,2.0,2.0,0.8,5.0,10,2
Ethoprop,0.001,T,CCCS[P](=O)(OCC)SCCC,242.05640847799998,223.194,0,80,13,0,2,0,0,0,0,0,0,4,0,5,8,0,0,0,0,0,C8H19O2PS2,242.3,CCCSP(=O)(OCC)SCCC,3.6,242.05640919,76.9,152,0,0,4,8,13,0,0,0,0,0,0,0,1,186.0,10.54,2.41,0.99,2.0,0.0,0.0,0.0,0.0,0.0,2.0,0.8,8.0,10,2
Fludioxonil,0.015,T,FC1(F)Oc2cccc(c2O1)c3c[nH]cc3C#N,248.039733872,242.13999999999996,0,90,18,1,4,0,1,1,1,1,2,3,1,6,1,0,0,0,3,2,C12H6F2N2O2,248.18,C1=CC(=C2C(=C1)OC(O2)(F)F)C3=CNC=C3C#N,2.6,248.03973376,58.0,382,0,1,5,1,18,0,0,0,0,0,0,0,1,176.9,5.42,2.34,1.67,8.0,3.0,1.0,0.0,1.0,3.0,0.0,0.6,1.6,6,2
Fenarimol,0.04,T,OC(c1ccc(Cl)cc1)(c2cncnc2)c3ccccc3Cl,330.032668364,319.106,0,110,22,1,3,0,0,0,2,1,3,3,1,5,3,0,0,0,3,2,C17H12Cl2N2O,331.2,C1=CC=C(C(=C1)C(C2=CC=C(C=C2)Cl)(C3=CN=CN=C3)O)Cl,3.6,330.0326684,46.0,357,0,1,3,3,22,0,1,0,1,0,0,0,1,240.6,6.15,4.41,1.43,7.0,2.0,1.0,0.0,1.0,3.0,0.0,0.6,3.0,10,2
Prometryn,0.01,T,CSc1nc(NC(C)C)nc(NC(C)C)n1,241.13611660799998,222.212,0,90,16,2,5,0,0,0,0,1,1,6,2,6,5,0,0,0,1,0,C10H19N5S,241.36,CC(C)NC1=NC(=NC(=N1)SC)NC(C)C,3.5,241.13611680,88.0,182,0,2,6,5,16,0,0,0,0,0,0,0,1,189.8,5.97,4.73,0.92,8.0,0.0,2.0,0.0,2.0,1.0,3.0,0.6,5.0,10,2
Imidacloprid,0.01,T,[O-][N+](=O)NC1=NCCN1Cc2ccc(Cl)nc2,255.05230224,245.58499999999998,0,90,17,1,7,0,1,1,0,1,1,5,1,8,3,0,0,0,2,1,C9H10ClN5O2,255.66,C1CN(C(=N1)N[N+](=O)[O-])CC2=CN=C(C=C2)Cl,0.8,255.0523023,86.3,319,0,1,4,3,17,0,0,0,0,0,0,0,1,181.6,7.48,2.56,1.12,7.0,3.0,1.0,0.0,1.0,2.0,0.0,0.6,4.6,10,2
Cyromazine,0.0658,T,Nc1nc(N)nc(NC2CC2)n1,166.09669431999998,156.108,0,64,12,5,6,1,0,1,0,1,1,6,3,6,2,1,0,1,2,0,C6H10N6,166.18,C1CC1NC2=NC(=NC(=N2)N)N,-0.2,166.09669434,103.0,148,0,3,6,2,12,0,0,0,0,0,0,0,1,114.0,5.76,1.86,0.66,7.0,0.0,3.0,0.0,3.0,1.0,0.0,0.6,2.6,5,2
Tebufenozide,0.006,T,CCc1ccc(cc1)C(=O)NN(C(=O)c2cc(C)cc(C)c2)C(C)(C)C,352.215078136,324.2540000000001,0,138,26,1,4,0,0,0,2,0,2,2,1,4,3,0,0,0,2,0,C22H28N2O2,352.5,CCC1=CC=C(C=C1)C(=O)NN(C(=O)C2=CC(=CC(=C2)C)C)C(C)(C)C,3.9,352.215078140,49.4,479,0,1,2,4,26,0,0,0,0,0,0,0,1,290.9,8.97,5.19,1.76,7.0,2.0,1.0,0.0,0.0,2.0,2.0,0.8,7.0,10,2
Diflubenzuron,0.0067,T,Fc1cccc(F)c1C(=O)NC(=O)Nc2ccc(Cl)cc2,310.032061648,301.615,0,108,21,2,4,0,0,0,2,0,2,2,2,7,2,0,0,0,2,3,C14H9ClF2N2O2,310.68,C1=CC(=C(C(=C1)F)C(=O)NC(=O)NC2=CC=C(C=C2)Cl)F,3.9,310.0320616,58.2,379,0,2,4,2,21,0,0,0,0,0,0,0,1,219.6,17.14,1.89,0.7,6.0,2.0,2.0,0.0,0.0,2.0,0.0,0.8,5.0,8,2
Resmethrin,0.01,T,CC(C)=CC1C(C(=O)OCc2coc(Cc3ccccc3)c2)C1(C)C,338.18819469199997,312.23900000000003,0,132,25,0,3,1,0,1,1,1,2,3,0,3,6,1,0,1,3,0,C22H26O3,338.4,CC(=CC1C(C1(C)C)C(=O)OCC2=COC(=C2)CC3=CC=CC=C3)C,6.1,338.18819469,39.4,497,0,0,3,7,25,0,2,0,2,0,0,0,1,282.6,14.39,5.09,1.27,6.0,2.0,0.0,0.0,0.0,2.0,2.0,1.4,7.6,10,2
Azoxystrobin,0.025,T,CO\C=C(C(=O)OC)/c1ccccc1Oc2cc(Oc3ccccc3C#N)ncn2,403.11682064400014,386.25800000000015,0,150,30,0,8,0,0,0,2,1,3,8,0,8,7,0,0,0,3,0,C22H17N3O5,403.4,COC=C(C1=CC=CC=C1OC2=NC=NC(=C2)OC3=CC=CC=C3C#N)C(=O)OC,3.7,403.11682065,104.0,646,0,0,8,8,30,0,0,0,0,1,1,0,1,308.4,16.6,2.95,1.92,8.0,4.0,0.0,0.0,1.0,3.0,0.0,1.2,8.0,10,2
Cyprodinil,0.0075,T,Cc1cc(nc(Nc2ccccc2)n1)C3CC3,225.12659748,210.17499999999998,0,86,17,1,3,1,0,1,1,1,2,3,1,3,3,1,0,1,3,0,C14H15N3,225.29,CC1=CC(=NC(=N1)NC2=CC=CC=C2)C3CC3,3.1,225.126597491,37.8,246,0,1,3,3,17,0,0,0,0,0,0,0,1,181.2,8.39,3.21,0.69,5.0,1.0,1.0,0.0,1.0,2.0,0.0,0.6,3.6,10,2
Thiamethoxam,0.001,T,CN1COCN(Cc2sc(Cl)nc2)\C1=N/[N+]([O-])=O,291.01928785999996,281.64000000000004,0,98,18,0,8,0,1,1,0,1,1,5,0,10,3,0,1,1,2,1,C8H10ClN5O3S,291.72,CN1COCN(C1=N[N+](=O)[O-])CC2=CN=C(S2)Cl,1.5,291.0192881,115.0,352,0,0,6,2,18,0,0,0,0,1,1,0,1,197.3,6.9,2.84,1.23,7.0,4.0,0.0,0.0,1.0,2.0,0.0,0.6,4.0,10,2
Oxamyl oxime,0.001,T,CSC(=N/O)/C(=O)N(C)C,162.04629856,152.134,0,58,10,1,4,0,0,0,0,0,0,4,1,5,0,0,0,0,0,0,C5H10N2O2S,162.21,CN(C)C(=O)C(=NO)SC,1.2,162.04629874,78.2,156,0,1,4,2,10,0,0,0,0,1,1,0,1,122.7,3.71,1.7,1.12,4.0,2.0,0.0,1.0,0.0,0.0,1.0,0.6,3.0,10,2
Pyriproxyfen,0.013999999999999999,T,CC(COc1ccc(Oc2ccccc2)cc1)Oc3ccccn3,321.136493468,302.224,0,122,24,0,4,0,0,0,2,1,3,4,0,4,7,0,0,0,3,0,C20H19NO3,321.4,CC(COC1=CC=C(C=C1)OC2=CC=CC=C2)OC3=CC=CC=N3,4.8,321.13649347,40.6,338,0,0,4,7,24,0,1,0,1,0,0,0,1,258.6,20.27,1.89,1.72,7.0,4.0,0.0,0.0,0.0,3.0,0.0,1.0,7.0,10,2
Boscalid,0.001,T,Clc1ccc(cc1)c2ccccc2NC(=O)c3cccnc3Cl,342.032668364,331.11699999999996,0,114,23,1,3,0,0,0,2,1,3,2,1,5,3,0,0,0,3,2,C18H12Cl2N2O,343.2,C1=CC=C(C(=C1)C2=CC=C(C=C2)Cl)NC(=O)C3=C(N=CC=C3)Cl,4.9,342.0326684,42.0,399,0,1,2,3,23,0,0,0,0,0,0,0,1,254.0,7.76,5.32,1.31,6.0,2.0,1.0,0.0,0.0,3.0,0.0,0.6,4.0,10,2
Fenpropathrin,0.026000000000000002,T,CC1(C)C(C(=O)OC(C#N)c2cccc(Oc3ccccc3)c2)C1(C)C,349.167793596,326.24600000000004,0,134,26,0,4,1,0,1,2,0,2,4,0,4,5,1,0,1,3,0,C22H23NO3,349.4,CC1(C(C1(C)C)C(=O)OC(C#N)C2=CC(=CC=C2)OC3=CC=CC=C3)C,5.7,349.16779360,59.3,553,0,0,4,6,26,0,1,0,1,0,0,0,1,282.3,8.56,4.93,1.57,7.0,3.0,0.0,0.0,0.0,2.0,2.0,1.0,6.6,10,2
Carfentrazone ethyl,0.003,T,CCOC(=O)C(Cl)Cc1cc(N2N=C(C)N(C(F)F)C2=O)c(F)cc1Cl,411.036431328,398.0830000000001,0,142,26,0,6,0,0,0,1,1,2,6,0,11,6,0,0,0,2,5,C15H14Cl2F3N3O3,412.2,CCOC(=O)C(CC1=CC(=C(C=C1Cl)F)N2C(=O)N(C(=N2)C)C(F)F)Cl,4.0,411.0364312,62.2,582,0,0,7,7,26,0,1,0,1,0,0,0,1,278.9,9.8,4.12,1.31,4.0,2.0,0.0,0.0,0.0,2.0,0.0,0.8,7.0,10,2
